	index	tconst	titleType	primaryTitle	startYear	genres	directors	primaryName
206736	7884967	tt9758034	tvSeries	Inéditos	1989	Documentary	nm1503377	Luciano Álvarez
206737	7884985	tt9758070	tvSeries	Telethon	1977	Family	nm0528011	John Lye
206738	7884990	tt9758080	tvSeries	Olivia	2019	Crime,Drama,Thriller	nm2500247	Octave Raspail
206739	7884991	tt9758086	tvSeries	Young Swingers	2016	\N	nm0329231	Simon Goodman
206742	7885146	tt9758410	tvSeries	Famous and Fighting Crime	2019	Documentary	nm3828673	Greg Lander Williams
206743	7885194	tt9758508	tvSeries	Blood Angels vs Chaos Warhammer 40k Narrative Campaign - Ascension of Madness Introduction	2017	Game-Show	nm6402360	David Nordquist
206744	7885395	tt9758944	tvSeries	Ainsley's Caribbean Kitchen	2019	Drama	nm9165189	Emma Reynolds
206745	7885409	tt9758972	tvSeries	The Put Down	2016	Drama	nm7983755	Shonnie Jackson
206747	7885436	tt9759026	tvSeries	Ainsley's Caribbean Kitchen	2019	Drama	nm9165189	Emma Reynolds
206748	7885461	tt9759078	tvSeries	My Worst Nightmare	2019	Horror	nm1835550	Chris Carter
206749	7885498	tt9759152	tvSeries	Veronika Rosandic	2017	Reality-TV	nm10465852	Veronika Rosandic
206750	7885501	tt9759158	tvSeries	Fran Laus	2017	Reality-TV	nm10465853	Fran Laus
206751	7885519	tt9759198	tvSeries	TheSikrt	2013	Reality-TV	nm10465909	Filip Dejanovic
206752	7885535	tt9759232	tvSeries	Braco Gajic	2011	Reality-TV	nm10465921	Braco Gajic
206753	7885536	tt9759234	tvSeries	Prowess	2019	Comedy	nm1449868	Freedom Bridgewater
206754	7885539	tt9759240	tvSeries	Leon Dejanovic	2018	Reality-TV	nm10465924	Leon Dejanovic
206755	7885561	tt9759284	tvSeries	LayZ	2014	Reality-TV	nm10465940	Matija Lazarevic
206756	7885571	tt9759310	tvSeries	Dule	2016	Comedy,Reality-TV	nm10465961	Dusan Dinov
206757	7885598	tt9759366	tvSeries	The Young Elizabethans	1962	Family	nm4866270	Terry Yarwood
206758	7885621	tt9759412	tvSeries	Fair Comment?	1961	Family	nm1075615	George Egan
206759	7885627	tt9759424	tvSeries	Janko	2016	Reality-TV	nm10465973	Stefan Jankovich
206760	7885638	tt9759446	tvSeries	Marko Vuletic	2016	Reality-TV	nm10465980	Marko Vuletic
206761	7885646	tt9759464	tvSeries	First Edition	1980	Family	nm0372737	Dave Heather
206762	7885648	tt9759468	tvSeries	Pave Elez	2017	Comedy,Reality-TV	nm10465983	Pave Elez
206763	7885667	tt9759506	tvSeries	Emil Fitness	2016	Reality-TV,Sport	nm10465991	Emil Lazzaroni
206764	7885674	tt9759520	tvSeries	Daniele Lo Cicero	2012	Reality-TV	nm10466000	Daniele Lo Cicero
206765	7885813	tt9759818	tvSeries	Oz Linked	2019	Comedy	nm7050461	Gary Wall
206766	7885818	tt9759828	tvSeries	Inagaw na bituin	2019	Crime,Drama,Music	nm1777491	Mark A. Reyes
206767	7885831	tt9759856	tvSeries	Technical Dave	2012	Comedy	nm9176122	David Razi
206768	7885875	tt9759946	tvSeries	On Stage, Broadway	2017	News	nm1410708	Adam Dwyer
206769	7885907	tt9760018	tvSeries	To Be Me	2019	Drama	nm6353941	Daan Jansen
206771	7885945	tt9760102	tvSeries	Animazoo - A Série Animada	2018	Animation	nm3070533	Diego Lara
206772	7885989	tt9760192	tvSeries	Phulpakharu	2017	Drama	nm8038604	Amol Pathare
206773	7886004	tt9760230	tvSeries	Meu Pedaço de Brasil	2019	Documentary	nm3070533	Diego Lara
206774	7886045	tt9760320	tvSeries	Die Superhändler - 4 Räume, 1 Deal	2018	Game-Show,Reality-TV	nm3734155	Axel Ludewig
206778	7886060	tt9760352	tvSeries	Armes Deutschland - Stempeln oder abrackern?	2016	Documentary,Reality-TV	nm10466426	Adriana Puglisi
206780	7886073	tt9760378	tvSeries	Zahltag! Ein Koffer voller Chancen	2018	Game-Show,Reality-TV	nm10466433	Ilona Mrozek
206785	7886297	tt9760836	tvSeries	L'Italia a Morsi	2019	Documentary	nm10466941	Stefania Vialetto
206786	7886320	tt9760884	tvSeries	At the Phoenix	2020	Comedy	nm2339125	Daniel Sanguineti
206787	7886340	tt9760930	tvSeries	Bhakharwadi	2019	Comedy	nm11260522	Dipesh Harshad Shah
206788	7886353	tt9760958	tvSeries	Baavle Utaavle	2019	Comedy	nm0348485	Pradeep Gupta
206789	7886360	tt9760976	tvSeries	Kultura na radnickoj traci	2016	Documentary	nm2455402	Tiha Gudac
206792	7887004	tt9762306	tvSeries	Pratfall ABCs	2018	Family	nm2770404	Brett Jubinville
206793	7887141	tt9762586	tvSeries	Super-Happy Kill Time	2017	Action,Comedy,Mystery	nm4485701	Matthew Stogdon
206794	7887230	tt9762764	tvSeries	Bertelsen på Shikoku 88	2017	Documentary	nm1856770	Halfdan Muurholm
206796	7887628	tt9763600	tvSeries	Garyk Lee Style TV	2018	Reality-TV	nm6746874	Garyk Lee
206797	7887630	tt9763626	tvSeries	Strawberry Night Saga	2019	Crime	nm3650433	Jun'ichi Ishikawa
206798	7887639	tt9763652	tvSeries	Austero	\N	Drama	nm3070533	Diego Lara
206799	7887657	tt9763722	tvSeries	What Am I Doing Here?	2019	Comedy	nm3621451	Jessica O'Hara-Baker
206801	7887749	tt9763946	tvSeries	Kid Trump	\N	Animation	nm10404877	Robert Mark Carpenter
206803	7887945	tt9764366	tvSeries	The Best House in Town	2019	Game-Show	nm3726043	Jessica Reid
206804	7887955	tt9764386	tvSeries	30 Coins	2020	Drama,Fantasy,Horror	nm0407067	Álex de la Iglesia
206805	7888028	tt9764538	tvSeries	Max and Dinah	1978	Talk-Show	nm1346399	Graeme Hodgson
206809	7888339	tt9765178	tvSeries	Fuzz & Malloy	2012	Comedy,Sci-Fi	nm4928829	Andreas Lillebø
206810	7888348	tt9765196	tvSeries	The Search Existence Unknown	2010	Reality-TV	nm7556228	Christopher Maggard
206811	7888361	tt9765222	tvSeries	On Tour with Asperger's Are Us	2019	Comedy,Documentary	nm1411972	Alex Lehmann
206812	7888377	tt9765258	tvSeries	Ring of Champions	\N	Sport	nm2297710	Jenilee Reyes
206813	7888424	tt9765358	tvSeries	The Roundup with Jude & Aria	2018	Talk-Show	nm10200855	Ricky Lee
206815	7888474	tt9765466	tvSeries	8-BitGaming	2013	Comedy	nm10468558	Bazamalam
206816	7888543	tt9765616	tvSeries	It Happened to Me	2019	Horror	nm7449659	Vinnie Vineyard
206819	7888627	tt9765792	tvSeries	Rapuh	2019	Drama	nm5729704	Faisal Ishak
206822	7888680	tt9765912	tvSeries	Lessons for Life with Alan Mercedes	2019	Comedy	nm0165310	Charlie Clausen
206823	7888726	tt9766008	tvSeries	Top 10 Best Metal Albums of 2018: Part 2 (Albums 5 to 1) - The Metal Voice	2018	Music	nm10244808	Jimmy Kay
206824	7888748	tt9766054	tvSeries	Nigel Glockler Talks Saxon Tour-Vinny Appice Mob Rules Live-Hall of Heavy Metal History-The Metal Voice	2019	\N	nm10244808	Jimmy Kay
206825	7888751	tt9766060	tvSeries	Lita Ford Interview-New Music to be a concept Album-by Neil Turbin-Hall of Heavy Metal History-The Metal Voice	2019	Music	nm10244808	Jimmy Kay
206826	7888753	tt9766064	tvSeries	Lynyrd Skynyrd Post Litigation Dispute on NEW Skynyrd Movie-Artimus Pyle Ex-Drummer-The Metal Voice	2019	Music	nm10244808	Jimmy Kay
206827	7888784	tt9766130	tvSeries	David/II	2019	Musical	nm4672367	Brian Sitler
206828	7888787	tt9766138	tvSeries	Gia tin Ellada...	2019	News,Talk-Show	nm9932451	Dimitris Lavranos
206829	7888793	tt9766150	tvSeries	Tetradia, Thanasis Lalas	2019	Talk-Show	nm3987437	Maria Giannouli
206834	7888848	tt9766270	tvSeries	Lasizwe: Fake it till you make it	2019	Reality-TV	nm10469153	Olwethu Mlotshwa
206836	7888909	tt9766396	tvSeries	Path To Glory	2016	Game-Show	nm6402360	David Nordquist
206837	7888926	tt9766432	tvSeries	Miroslav Domjesko	2016	Reality-TV	nm10469199	Miroslav Domjesko
206838	7888927	tt9766434	tvSeries	The Shrine of Chaos	2013	Talk-Show	nm6402360	David Nordquist
206839	7888928	tt9766436	tvSeries	Bamselægen	2018	Family	nm0824782	Nikolaj Steen
206840	7888930	tt9766442	tvSeries	Alesia Michelle	2019	Reality-TV	nm10469204	Alesia Michelle
206845	7889073	tt9766746	tvSeries	Country Boy	1967	Family	nm1075615	George Egan
206847	7889114	tt9766828	tvSeries	Come Gardening	1958	Family	nm0292545	Peter Frazer-Jones
206848	7889125	tt9766852	tvSeries	Your Man At Westminster	1965	Family	nm2550197	Peter Tiffin
206849	7889144	tt9766892	tvSeries	It's A Model World	1961	Family	nm1075615	George Egan
206850	7889275	tt9767164	tvSeries	Watzmann ermittelt	2019	Crime	nm0469827	Heidi Kranz
206851	7889370	tt9767358	tvSeries	Crimecall	2016	Documentary	nm5497310	Stephen Stewart
206852	7889419	tt9767460	tvSeries	MiniWarGaming's Food Challenges	2014	Reality-TV	nm6402360	David Nordquist
206853	7889552	tt9767728	tvSeries	Guardianes de la Historia	2016	Documentary	nm2008717	Santiago Zannou
206854	7889581	tt9767786	tvSeries	Augustine's Station	2016	Game-Show	nm6619909	Matthew Glanfield
206855	7889612	tt9767848	tvSeries	40k Rejects Path to Glory - Chaos vs Sons of Horus Campaign	2016	Game-Show	nm6402360	David Nordquist
206856	7889614	tt9767852	tvSeries	Ouija Board Confessions	2019	Reality-TV	nm5221732	Jake Jalbert
206857	7889629	tt9767882	tvSeries	Path to Glory Campaign - Nurgle vs Tzeentch	2016	Game-Show	nm6402360	David Nordquist
206858	7889673	tt9767974	tvSeries	Blood Bowl League	2016	Game-Show	nm6619908	Matt Glanfield
206859	7889703	tt9768034	tvSeries	Primarch Battles	2016	Game-Show	nm6402360	David Nordquist
206861	7890277	tt9769196	tvSeries	Trenquin tòpics	2019	\N	nm1896134	Xavi García
206862	7890347	tt9769340	tvSeries	Unelmia ja studiohommia	2019	Documentary,Music	nm1834180	Lauri Haukkamaa
206863	7890509	tt9769678	tvSeries	Hometown Homicide	2019	Crime,Documentary	nm3437841	William Kerr
206864	7890570	tt9769818	tvSeries	LunchBreak	2019	Reality-TV,Talk-Show	nm9397253	Antonio Collado
206866	7890586	tt9769850	tvSeries	Abriendo Puertas	2019	Documentary	nm10470314	Jose Luis Velazquez
206867	7890631	tt9769950	tvSeries	Car Star	2016	Game-Show	nm7237018	Carlos Naude
206868	7890650	tt9769992	tvSeries	The Mile Enders	2016	Comedy	nm3529087	Lori Braun
206869	7890659	tt9770010	tvSeries	SLUT	2019	Comedy	nm2083655	Louise Alston
206870	7890720	tt9770142	tvSeries	The Flats - A Little Bird Who Told Me	2019	Horror	nm3127944	Steve Macleod
206871	7890735	tt9770172	tvSeries	Sou Amor	2018	Drama	nm1103167	André Amparo
206872	7890760	tt9770234	tvSeries	The Rangers Campaign	2019	Fantasy	nm6402360	David Nordquist
206874	7890769	tt9770254	tvSeries	Food Interrupted	2018	Documentary	nm1764920	Joe Piscatella
206876	7890785	tt9770286	tvSeries	Merry Happy Whatever	2019	Comedy	nm0296945	Pamela Fryman
206877	7890793	tt9770302	tvSeries	Otra Vuelta de Tuerka	2014	Talk-Show	nm4389867	Pablo Iglesias
206879	7890838	tt9770404	tvSeries	Star Over Bethlehem	1977	Music	nm0488108	Brian Large
206881	7890946	tt9770630	tvSeries	Ten Hollywood	2019	Biography	nm7770934	Mico Saad
206882	7890949	tt9770636	tvSeries	M.I. Stuff	2017	\N	nm9877190	Kelsey Hudgins
206883	7890999	tt9770746	tvSeries	The Pier's Live Acoustic Series	2012	Music	nm1710753	Tage Plantell
206884	7891366	tt9771504	tvSeries	L'Italia del treno	2018	Documentary	nm10471127	Paolo Malizia
206885	7891445	tt9771668	tvSeries	APCO Buzz	2018	News	nm1284939	Ford Austin
206886	7891458	tt9771694	tvSeries	You're The Pest	2016	Comedy	nm4821584	Adrienne Lovette
206887	7891672	tt9772132	tvSeries	Chicago Film Scene: Live!	2019	Talk-Show	nm9037395	Max Brudvig
206888	7891711	tt9772214	tvSeries	Procedural Justice	2019	Comedy	nm3526282	David Alfano
206889	7891757	tt9772308	tvSeries	The Colonials	1978	\N	nm10355919	Roger Lupton
206892	7891892	tt9772594	tvSeries	Urban Legends VR	2019	Horror	nm2813297	Paul Stuart
206895	7891940	tt9772698	tvSeries	The Crown and Us: the story of the Royals in Australia	2019	Documentary	nm1984440	Bernice Toni
206896	7891949	tt9772720	tvSeries	F5 News by AFM	2019	News	nm10175713	Xander Nicolai
206897	7891956	tt9772734	tvSeries	Pammi Aunty	2017	Comedy	nm10471678	Sudhir Shetty
206898	7891966	tt9772756	tvSeries	Infinity: What on Earth Are We Thinking?	2019	Documentary	nm1918751	Christopher Robin Collins
206899	7891984	tt9772798	tvSeries	Big Issue	2019	Drama	nm2289325	Dong-hoon Lee
206901	7891992	tt9772814	tvSeries	Kill It	2019	Drama,Mystery,Thriller	nm11660161	Sung-Woo Nam
206902	7892001	tt9772834	tvSeries	#Powershift	2016	Documentary	nm6240362	Beatrice Ni Bhroin
206907	7892204	tt9773260	tvSeries	Deadly Cults	2019	Documentary	nm10473944	Matt Pizzano
206908	7892209	tt9773270	tvSeries	Jeff of the Universe	\N	\N	nm0592400	David Mirkin
206910	7892228	tt9773314	tvSeries	Mega Shippers 2	2018	\N	nm1810880	David Notman-Watt
206912	7892230	tt9773318	tvSeries	Paanch Phoron	2019	Romance	nm7983301	Dipankar Dipon
206914	7892232	tt9773322	tvSeries	Ondt i røven	2019	Comedy	nm10472064	Rikke Kolding
206915	7892240	tt9773338	tvSeries	Whiplashed	2018	Comedy	nm3096145	John Pereira
206916	7892249	tt9773358	tvSeries	Rivals	2019	Crime	nm5849460	Ian Dangerfield
206917	7892263	tt9773386	tvSeries	Chaos	2019	Drama	nm6834918	Hayk Kbeyan
206921	7892299	tt9773466	tvSeries	Better Photography	1965	Family	nm5445446	David Collinson
206922	7892312	tt9773492	tvSeries	MrSheltonTV Media: Retrospective Film-Reviews...	2018	Talk-Show	nm3051438	John H. Shelton
206923	7892314	tt9773496	tvSeries	Babel SP	2019	Documentary	nm1103167	André Amparo
206924	7892315	tt9773498	tvSeries	What Do I See?	1962	Family	nm10106129	Patricia Phillips
206925	7892453	tt9773794	tvSeries	The Animal Game	1973	Game-Show	nm0408754	George Inger
206926	7892695	tt9774288	tvSeries	Butcher: A life behind the knife	2018	Documentary	nm3724768	Travis Gordon
206927	7892738	tt9774382	tvSeries	Yes! Let's Make a Movie	2016	Talk-Show	nm1810522	Danny MAlin
206928	7892757	tt9774424	tvSeries	The World's Deadliest Weather 2	2018	\N	nm1810880	David Notman-Watt
206929	7893102	tt9775136	tvSeries	Que casas!	2014	Reality-TV	nm10472519	Xaime Barreiro
206930	7893155	tt9775244	tvSeries	Salem High	\N	Drama	nm2085959	Eric Glawe
206933	7893392	tt9775736	tvSeries	Vent d'Ouest	1982	News	nm9465676	Jacques Paugam
206934	7893428	tt9775808	tvSeries	F**king Minimums	2020	Drama	nm4258532	Brett Snyder
206935	7893442	tt9775840	tvSeries	Nada	\N	Drama	nm1085270	Jorge Dorado
206936	7893497	tt9775954	tvSeries	Vigo on Fire	2016	Reality-TV	nm10472519	Xaime Barreiro
206937	7893498	tt9775956	tvSeries	Searching for Salai	2019	Sci-Fi	nm2251732	Holt Bailey
206938	7893523	tt9776008	tvSeries	Action	2019	Documentary	nm4598626	Luke Korem
206939	7893551	tt9776068	tvSeries	You Ain't Got These	2020	Documentary,Short	nm1498362	James Adolphus
206940	7893573	tt9776124	tvSeries	D.O.D. - Derick Operação D'Urso	2018	Action,Crime,Drama	nm3192560	Luciana Stipp
206941	7893577	tt9776132	tvSeries	Exatlon Hungary	2019	Reality-TV	nm11722140	Onur Akcakoca
206942	7893651	tt9776292	tvSeries	Relics and Rarities	2019	Adventure	nm7610740	Jake Michels
206943	7893671	tt9776340	tvSeries	La Guzmán	2019	Biography,Drama,Music	nm1357797	Mauricio Cruz
206944	7893676	tt9776350	tvSeries	Fight Call presents 13th Hour Part 1	2016	\N	nm1747983	Kevin Rego
206945	7893694	tt9776392	tvSeries	Suburban Legends	2015	Comedy	nm8272772	Tyler Taormina
206948	7893825	tt9776702	tvSeries	Champagne Showgirls	2019	Reality-TV	nm10473699	Hayley Williams
206949	7893852	tt9776762	tvSeries	Power: Engineering Energy and Speed	2017	Documentary	nm3661045	Chris Bamford
206950	7893983	tt9777050	tvSeries	Feel Better with Dr. George Gauthier	2019	Talk-Show	nm10172643	Dennis Sonar Greene
206951	7893992	tt9777068	tvSeries	Building the Inuit Homeland	2018	History	nm2615417	Ole Gjerstad
206952	7894009	tt9777106	tvSeries	With creative service on the frontiers	2015	Documentary	nm10473976	Dalma Timar
206953	7894014	tt9777116	tvSeries	UTalk Radio	2019	Documentary	nm3780150	Keith Barrows
206954	7894022	tt9777136	tvSeries	Colin Murphy's Panic Room	2018	Comedy,Documentary,History	nm4180697	Gemma Cunningham
206955	7894116	tt9777340	tvSeries	World's Greatest Cities	2018	Documentary	nm10474075	Martin Baker
206956	7894142	tt9777392	tvSeries	Just The Tip	2019	Comedy	nm2525916	Ruben Avitia
206958	7894154	tt9777418	tvSeries	Merchant: Diary of an Independent Contractor	2019	Action	nm7184634	Adrian Matthews
206959	7894179	tt9777470	tvSeries	The D.L. Hughley Show	2019	Talk-Show	nm0726485	Jeff Rifkin
206960	7894202	tt9777518	tvSeries	Stacks	2019	Comedy,Game-Show,Reality-TV	nm0230439	David Doerre
206961	7894203	tt9777520	tvSeries	Splash!	2006	Adventure,Drama	nm0312501	Frank van Geloven
206963	7894319	tt9777760	tvSeries	FitnessX Magazine A Love Story	2020	Reality-TV	nm7884051	BillyBow Aguirre
206964	7894321	tt9777764	tvSeries	Bublé!	2019	Music	nm0482931	Christian Lamb
206966	7894388	tt9777918	tvSeries	Bring the Funny	2019	Comedy	nm1219611	Carrie Havel
206969	7894439	tt9778022	tvSeries	Abhay	2019	Crime,Thriller	nm1873953	Samar Iqbal
206970	7894443	tt9778036	tvSeries	Agora é com a gente	2001	Adventure	nm1103167	André Amparo
206971	7894502	tt9778166	tvSeries	Drugie Dno	2019	Crime	nm10474828	Group Lampart
206972	7894528	tt9778220	tvSeries	Vrouw op Mars	2018	History	nm2619880	Annegriet Wietsma
206974	7895218	tt9779618	tvSeries	U apartmanu sa Zoranom i Dejanom	2018	Talk-Show	nm5962371	Branka Besevic Gajic
206975	7895333	tt9779850	tvSeries	Chhoriyan	2019	Comedy	nm10302259	Anuj Shrivastava
206976	7895499	tt9780192	tvSeries	Bikhare Hain Alfaaz	2019	Romance	nm10302259	Anuj Shrivastava
206977	7895564	tt9780334	tvSeries	Freedom in This Village	2019	Documentary	nm2422596	Lamont Pierre
206980	7895590	tt9780390	tvSeries	The Aquarium	2019	Reality-TV	nm8391900	Sanet Olivier
206981	7895609	tt9780434	tvSeries	When Whales Walked: Journeys in Deep Time	2019	Adventure,Documentary	nm5835239	Chad Cohen
206982	7895613	tt9780442	tvSeries	RuPaul's Drag Race UK	2019	Game-Show,Reality-TV	nm2300053	Tony Grech-Smith
206983	7895621	tt9780458	tvSeries	College Behind Bars	2019	Documentary	nm0637089	Lynn Novick
206989	7895697	tt9780622	tvSeries	And the Findings	2018	Comedy	nm10475830	Sean Coyle
206992	7895981	tt9781212	tvSeries	The Admiral	2017	News	nm10474941	Robert MacNeill
206993	7896050	tt9781350	tvSeries	Sans Filtre	2016	Short	nm10476001	Xavier Havitov
206995	7896327	tt9781920	tvSeries	Wheelies	2019	Documentary	nm8035606	Michael Jenkins
206996	7896424	tt9782120	tvSeries	Donors	2019	Comedy	nm5650585	Emma Jean Sutherland
206997	7896432	tt9782136	tvSeries	Good Day AFA	2017	Talk-Show	nm9956371	Oksana Garfinkle
206998	7896464	tt9782202	tvSeries	Toby Terrier and His Video Pals	1993	Family	nm1509956	Richard Tiffany
206999	7896721	tt9782724	tvSeries	The David Johnson Show	2017	Game-Show	nm2250672	David E. Johnson
207000	7896726	tt9782736	tvSeries	The Long Take	2019	Talk-Show	nm3583506	Zack Lawrence
207001	7896796	tt9782888	tvSeries	Chase the Lion	2018	Action	nm4301221	Devon Parks
207002	7896918	tt9783170	tvSeries	Dark Web Exposed	2019	Crime	nm2310721	Andy Rath
207003	7896966	tt9783276	tvSeries	World's Greatest Natural Wonders	2018	Documentary	nm0928137	Sorrell Wilby
207004	7896992	tt9783334	tvSeries	World's Greatest Man Made Wonders	2018	Documentary	nm10474075	Martin Baker
207005	7897005	tt9783362	tvSeries	World's Greatest Islands	2019	Documentary	nm10474075	Martin Baker
207008	7897077	tt9783524	tvSeries	Camp Fire	2019	Comedy	nm3788175	Ryan Lagod
207009	7897168	tt9783734	tvSeries	PLAYA' : A Horrible Tale of Female Revenge	2019	Comedy	nm4394784	Chantelle Landais
207011	7897227	tt9783866	tvSeries	SomeOrdinaryGamers	2012	Comedy,Mystery,Talk-Show	nm10476819	Mutahar Anas
207012	7897296	tt9784004	tvSeries	Alvilág	2019	Crime	nm1902132	Károly Ujj Mészáros
207013	7897354	tt9784128	tvSeries	Spindoctors	2019	Comedy	nm10477060	Andrea Colamedici
207014	7897532	tt9784488	tvSeries	False Rhymes	2018	Drama,Music	nm10477190	Stelian Dimitrov
207015	7897550	tt9784526	tvSeries	La mejor canción jamás cantada	2019	Game-Show,Music	nm9311328	Núria Fonollà
207016	7897552	tt9784530	tvSeries	Ik Zie Een Ster	1996	Talk-Show	nm1005906	Robin Pera
207019	7897615	tt9784662	tvSeries	Magic Mania	2015	Comedy	nm0270606	Manuel Feijóo
207020	7897618	tt9784670	tvSeries	A Very Northern Hotel	\N	\N	nm1900172	Clare Sillery
207021	7897632	tt9784698	tvSeries	Lost Beasts of the Ice Age	\N	\N	nm1660955	Nick Clarke Powell
207024	7897733	tt9784912	tvSeries	Film For Reel	2019	Talk-Show	nm10461038	Lloyd Harger
207025	7897735	tt9784916	tvSeries	Raf Rap	2019	Documentary	nm9511157	Naraf Sivad
207026	7897943	tt9785360	tvSeries	Sprechplanet	2016	Talk-Show	nm5706265	Holger Kreymeier
207027	7898639	tt9786784	tvSeries	Menschen in München	2005	News	nm4811862	Jörg van Hooven
207028	7898679	tt9786870	tvSeries	Who Wants To Be Reely Famous?	2019	Horror	nm3972495	Chris Good Goodwin
207029	7898883	tt9787312	tvSeries	Kara Mia	2019	Drama,Fantasy	nm1542079	Dominic Zapata
207031	7898987	tt9787532	tvSeries	Married Under 25	2015	Comedy	nm2250194	Kevin McShane
207033	7899028	tt9787614	tvSeries	Derrick McCormick	2016	Family	nm10004634	Derrick McCormick
207034	7899118	tt9787814	tvSeries	The strangers	2010	Crime,Drama	nm3129269	Sigitas Rackys
207035	7899160	tt9787908	tvSeries	Apie mus ir Kazlauskus	2016	Comedy	nm3129269	Sigitas Rackys
207036	7899207	tt9788012	tvSeries	Traces	2019	Crime,Mystery,Thriller	nm3217263	Rebecca Gatward
207041	7899353	tt9788346	tvSeries	Playboy: Private Party Jokes	1988	Adult,Comedy	nm10478746	Penny Temple
207046	7899530	tt9788720	tvSeries	Mirar un cuadro	1982	Documentary	nm0144865	Alfredo Castellón
207047	7899595	tt9788858	tvSeries	No Evil	2012	Action,Adventure,Animation	nm10479168	Betsy Lee
207049	7899683	tt9789044	tvSeries	Deaderland	\N	Fantasy,Horror,Mystery	nm3848821	Nick C. Goins Jr.
207050	7899688	tt9789054	tvSeries	Maravillas y Curiosidades de la Filmoteca de la UNAM	2017	\N	nm0411423	Antonino Isordia Llamazares
207051	7899700	tt9789078	tvSeries	Maravillas y Curiosidades de la Filmoteca de la UNAM (II)	2018	\N	nm0411423	Antonino Isordia Llamazares
207052	7899774	tt9789238	tvSeries	TorresBrian1	2010	Reality-TV	nm9721299	Brian Torres
207053	7899790	tt9789272	tvSeries	The 43	2019	Documentary	nm2256873	Matías Gueilburt
207055	7899842	tt9789394	tvSeries	Frühcafé	2018	Talk-Show	nm10479695	Marco Ostwald
207056	7899854	tt9789418	tvSeries	Sat 1 Regional	2018	News	nm10479706	Christoph Markau
207059	7899912	tt9789544	tvSeries	Juego de juegos	2019	Game-Show	nm1823275	Jordi Rosell
207061	7899914	tt9789550	tvSeries	Tong Ke Dongwu Ye Xiongmeng	\N	\N	nm4178592	Zhu Yan
207062	7899966	tt9789660	tvSeries	Transformers: War for Cybertron Trilogy	2020	Action,Animation,Sci-Fi	nm2402043	Takashi Kamei
207063	7899968	tt9789668	tvSeries	De Eindmusical	2018	Reality-TV	nm0596989	Timon Moll
207064	7899978	tt9789688	tvSeries	Weißblaue Geschichten - Ein zauberhafter Plan	2015	\N	nm0052361	Walter Bannert
207069	7900261	tt9790276	tvSeries	The Reluctant Eye	1957	Crime	nm0723664	John Rich
207071	7900692	tt9791146	tvSeries	The condemned	2011	Crime,Drama	nm1923232	Ramunas Rudokas
207075	7901554	tt9792946	tvSeries	Shônan Bakusôzoku	1986	Action,Animation,Comedy	nm0632829	Nobutaka Nishizawa
207076	7901639	tt9793124	tvSeries	They Lend It, You Spend It: The Loan Shop	2019	Documentary	nm1164851	Josh Good
207077	7901773	tt9793398	tvSeries	Operação Labirinto	1967	Game-Show	nm2204533	Oliveira e Costa
207080	7901862	tt9793582	tvSeries	Saber ou Sorte	1966	Game-Show	nm2120157	Fernando Frazão
207081	7901938	tt9793754	tvSeries	Mulheres do Brasil	2017	Music	nm1137598	Bernardo Palmeiro
207082	7901975	tt9793828	tvSeries	Programa Básico	2008	Family	nm1887261	Caetano Caruso
207084	7902046	tt9793982	tvSeries	Booyah in Your Face	2019	Comedy,Family	nm10265944	Sheila Carroll
207085	7902071	tt9794032	tvSeries	Die Legendes van Afrikaanse Musiek	2017	Music	nm3449998	Harald Richter
207086	7902085	tt9794062	tvSeries	Dize Tu, Direi Eu!	1966	Game-Show	nm2120157	Fernando Frazão
207087	7902100	tt9794098	tvSeries	Saber Não Faz Mal	1965	Game-Show	nm2120157	Fernando Frazão
207088	7902427	tt9794800	tvSeries	Love is So Beautiful	2016	Comedy,Romance	nm9493104	Liang Cui
207089	7902462	tt9794872	tvSeries	The Fash Life	2019	Comedy	nm1697543	Rebecca Hu
207090	7902532	tt9795018	tvSeries	Mafia Ties: London	\N	Crime	nm9926852	John Wilson
207091	7902582	tt9795124	tvSeries	Passion Is Priceless	\N	Documentary	nm10468165	Winston T Marshall
207092	7902583	tt9795126	tvSeries	Strange Girl in a Strange Land	2019	Fantasy	nm7718352	Matthew Brag
207093	7902686	tt9795348	tvSeries	Cheng Guan Zai Shen Bian	2012	Comedy	nm10482422	Wei Zhao
207098	7902737	tt9795468	tvSeries	Ali and Teo	2012	Drama	nm10482540	Aslan Shehmet
207100	7902810	tt9795622	tvSeries	Soesa Hier!	2000	Documentary	nm10449679	Frank Buers
207102	7902845	tt9795692	tvSeries	Olhó Baião	2019	Comedy,Talk-Show	nm2016679	Carla Clemente
207103	7902911	tt9795836	tvSeries	Hit!Models	2018	Reality-TV	nm7981200	Bruno Vouzella
207104	7902930	tt9795876	tvSeries	Star Trek: Prodigy	2021	Action,Adventure,Animation	nm2446483	Ben Hibon
207105	7902983	tt9795982	tvSeries	Feras	2019	Drama	nm4909438	Lia Kulakauskas
207106	7903059	tt9796134	tvSeries	Password	1973	Game-Show	nm1102367	Geoff Wilson
207107	7903103	tt9796222	tvSeries	The Flats - Shook Ones	2019	Horror	nm3127944	Steve Macleod
207108	7903136	tt9796288	tvSeries	Perrengue	2017	Drama	nm1805241	Tatiana De Lamare
207111	7903947	tt9797954	tvSeries	Alby Forever	2016	Comedy	nm7344128	Pierre Grenier
207112	7904024	tt9798110	tvSeries	Dvoe protiv smerti	2019	Drama,Romance	nm1058265	Nurbek Egen
207116	7904305	tt9798724	tvSeries	Rock Bottom	2019	Comedy	nm5323237	Rick Anthony
207120	7904328	tt9798776	tvSeries	Music Thunder Vision: Tame Impala	2019	Talk-Show	nm0862084	Luiz Thunderbird
207123	7904443	tt9799034	tvSeries	Horrors	2019	Horror	nm3277191	Christopher Birk
207124	7904501	tt9799150	tvSeries	Lost Gold of WW2	2019	Documentary,Reality-TV	nm0331355	Edward Gorsuch
207126	7904594	tt9799350	tvSeries	The Flatmates	2019	Animation	nm7499318	Ellier Dov
207127	7904603	tt9799368	tvSeries	The Latest Show with Buck Nelson	2011	Comedy	nm1119677	Marcel Simoneau
207130	7904653	tt9799476	tvSeries	Logos Hope	\N	Adventure	nm7884051	BillyBow Aguirre
207131	7904668	tt9799508	tvSeries	What Would Really Happen?	2019	Comedy,Short	nm4116553	Sarah Ann Masse
207134	7904743	tt9799674	tvSeries	Tekan Minyak	2018	Drama	nm10468826	Mohamed Yahssir
207136	7904775	tt9799742	tvSeries	Athiyaayam	2017	Drama	nm10468826	Mohamed Yahssir
207142	7904930	tt9800068	tvSeries	The Yorkshire Dales And The Lakes	2017	Documentary	nm9359570	Emily Cadman
207143	7904932	tt9800072	tvSeries	Epic Yellowstone	2019	Documentary	nm2615138	Thomas Winston
207145	7904999	tt9800220	tvSeries	Kas nori nuzudyti Mia?	2011	Biography,Drama	nm0049434	Saulius Balandis
207146	7905039	tt9800312	tvSeries	Spor istories	1998	Documentary,Sport	nm2665172	Giannis Datsopoulos
207147	7905058	tt9800350	tvSeries	After Dark - Specials	1993	Talk-Show	nm1108836	Don Coutts
207148	7905112	tt9800470	tvSeries	Don't Quote Me	1990	Game-Show	nm1516912	Nick Vaughan-Barratt
207149	7905121	tt9800488	tvSeries	Ladies of Leisure	\N	Comedy	nm8432322	Charlotte Elizzabeth Langley
207150	7905130	tt9800508	tvSeries	Opinions	1993	Talk-Show	nm2821258	Sebastian Cody
207151	7905136	tt9800520	tvSeries	Kongen av Gulset	2019	Comedy	nm10491184	Mikael Samuelsen
207152	7905156	tt9800562	tvSeries	Brave New World	1994	Talk-Show	nm1482101	Leanne Pooley
207153	7905161	tt9800572	tvSeries	The Talking Show	1993	Talk-Show	nm0109273	Dominic Brigstocke
207155	7905201	tt9800660	tvSeries	Seriez-vous un bon expert?	2011	Game-Show	nm4589995	Emmanuel Carriau
207156	7905356	tt9800986	tvSeries	Paul Shaffer Plus One	2019	Talk-Show	nm1870505	Jim VanVranken
207157	7905572	tt9801422	tvSeries	No Side Game	2019	Drama,Sport	nm0298055	Katsuo Fukuzawa
207160	7906245	tt9802792	tvSeries	Voltz - With Sips and Sjin!	2013	Comedy,Sci-Fi,War	nm9470318	Steven Goates
207162	7906553	tt9803456	tvSeries	Partido final	1994	Sport	nm8199891	Patricio Parigi
207163	7906594	tt9803544	tvSeries	Le grand oral - Qui sera la meilleure oratrice ou le meilleur orateur?	2019	Talk-Show	nm0138894	Tristan Carné
207164	7906641	tt9803642	tvSeries	Ricks Outdoors	2004	Talk-Show	nm10460817	Rick Durrenberg
207166	7906673	tt9803710	tvSeries	Reel Fishing with Upstream	2019	Adventure	nm12021884	Cathy Brimmer
207167	7906712	tt9803792	tvSeries	Cursed	2019	Crime,Drama	nm1923232	Ramunas Rudokas
207168	7906803	tt9803990	tvSeries	Ride Stories - Jemma Wilson	2017	Documentary	nm9935744	Jane Davis
207169	7906815	tt9804014	tvSeries	Characters in Modern Music	\N	Music	nm10358103	Andre Peniche
207171	7906985	tt9804360	tvSeries	Garganta	2019	Comedy	nm10486549	Modestino Di Nenna
207172	7907034	tt9804468	tvSeries	Dankuda Banda	2018	Drama	nm9629489	Priyantha Sri Samarakoon
207174	7907176	tt9804760	tvSeries	Shadow Dancers	2005	Music	nm10486737	Brad Cooper
207175	7907364	tt9805158	tvSeries	The Two Matures	2019	Comedy	nm9540437	Zion Price
207176	7907406	tt9805250	tvSeries	Talking Movies with DirectorG	2019	Talk-Show	nm1836027	Garett Thomas
207177	7907416	tt9805274	tvSeries	Recruited	2019	Comedy	nm1824558	Reyn Mercuri
207178	7907428	tt9805300	tvSeries	Band Nightmares	2018	Comedy,Horror,Reality-TV	nm10487201	Drew Rosenthal
207179	7907571	tt9805612	tvSeries	The Last Hour	2021	Crime,Drama,Mystery	nm1193115	Amit Kumar
207180	7907585	tt9805640	tvSeries	Girl Eat World	2015	Reality-TV	nm4035809	Annalet Steenkamp
207181	7907588	tt9805646	tvSeries	The Swan Company	\N	\N	nm0182891	Ivan Cotroneo
207182	7907589	tt9805648	tvSeries	Il salone delle meraviglie	2019	Reality-TV	nm4877298	Aldo Iuliano
207188	7907626	tt9805724	tvSeries	Mata Hari	\N	\N	nm0423646	Roland Joffé
207189	7907627	tt9805726	tvSeries	KuraTory	2018	Comedy	nm10487518	Natalia Pasenitskaya
207190	7907629	tt9805730	tvSeries	Death Squad/Mahvan Jokaty	2019	Horror	nm5881917	Harut Shatyan
207191	7907682	tt9805840	tvSeries	Is that a Fact?	2017	Talk-Show	nm9019272	Josh Feldman
207197	7907913	tt9806328	tvSeries	Valet Parking	2013	Comedy	nm3426557	Merass Sadek
207198	7908163	tt9806836	tvSeries	Trúnó	2018	Documentary	nm3443964	Margret Seema Takyar
207199	7908353	tt9807228	tvSeries	Finding Your Roots: The Seedlings	2017	\N	nm0073817	Kristian Berg
207200	7908438	tt9807402	tvSeries	Ghost Mysteries	2019	Documentary	nm4005028	Will Collazo Jr.
207202	7908835	tt9808212	tvSeries	Hell Begins Tomorrow	2017	Drama	nm3434148	Richard Bailey
207203	7908962	tt9808478	tvSeries	Verum	2018	Thriller	nm10488532	Javier Sacristán
207204	7908969	tt9808494	tvSeries	Baby Einstein	1997	Family	nm1093078	Mike Deisinger
207205	7909052	tt9808672	tvSeries	Bir Aile Hikayesi	2019	Drama	nm9725001	Murat Öztürk
207206	7909056	tt9808680	tvSeries	Game of Clones	2019	Reality-TV,Romance	nm0136160	Jason A. Carbone
207207	7909243	tt9809064	tvSeries	The Showkase Talk Show	2019	Talk-Show	nm10488832	Rasheed Hafeez
207209	7909318	tt9809240	tvSeries	Happy Healthy Summer	2005	Animation	nm10489130	Robert Michaels
207210	7909374	tt9809354	tvSeries	Hamish Black	2019	Comedy	nm3252257	Nardeep Khurmi
207213	7909484	tt9809600	tvSeries	Love Blows	2019	Reality-TV	nm1133163	SallyAnn Salsano
207214	7909495	tt9809630	tvSeries	Windy City Live	2011	Talk-Show	nm10489521	Matt Knutson Cltv
207215	7909575	tt9809796	tvSeries	Another Era	2018	Drama	nm10489570	Sandy Wong
207216	7909654	tt9809970	tvSeries	Familympics	2012	Comedy	nm4256984	Djovan Caro
207218	7909678	tt9810026	tvSeries	Purgatory	2019	Horror	nm10489715	Aniel Rios
207221	7909731	tt9810142	tvSeries	Fun Friday!	2012	Comedy	nm4489288	Lewis Brindley
207223	7909767	tt9810218	tvSeries	Garrys Mod - Amazing Stuff	2013	Comedy	nm9470318	Steven Goates
207225	7909782	tt9810248	tvSeries	61st Street	2022	\N	nm0335337	Darren Grant
207226	7909795	tt9810274	tvSeries	Colony Survival	2017	Comedy	nm4489288	Lewis Brindley
207228	7909810	tt9810304	tvSeries	Don't Starve	2012	Comedy	nm4755526	Simon Lane
207229	7909821	tt9810328	tvSeries	Jabardasth	2013	Comedy	nm10490385	Kanaparthi Sai Nitin
207230	7909828	tt9810344	tvSeries	Simon Days to Die	2013	Action,Comedy	nm4489288	Lewis Brindley
207231	7909839	tt9810366	tvSeries	YogVlog	2011	Comedy,Reality-TV	nm4489288	Lewis Brindley
207232	7909850	tt9810388	tvSeries	Danny Draven's Horror Vault	2017	Horror	nm0237236	Danny Draven
207233	7909855	tt9810398	tvSeries	Minecraft Mod Spotlights!	2011	Adventure,Comedy	nm8701580	Dennis Vareide
207234	7909860	tt9810412	tvSeries	Minecraft Snapshot Videos!	2011	Adventure,Comedy,News	nm4755526	Simon Lane
207235	7909863	tt9810418	tvSeries	Minecraft Minigames	2014	Comedy,Game-Show	nm4489288	Lewis Brindley
207236	7909872	tt9810440	tvSeries	Triforce!	2016	Comedy	nm4489288	Lewis Brindley
207238	7909882	tt9810462	tvSeries	Actress	2016	Comedy	nm3420063	Brian Wiebe
207239	7909885	tt9810468	tvSeries	Phylicia DTV Webshow	2019	Comedy	nm9899435	Phylicia Townes
207240	7909945	tt9810596	tvSeries	Lavender	2001	Drama,Romance	nm2662514	Chun-Chieh Liu
207242	7909970	tt9810650	tvSeries	Dhee	2013	Reality-TV	nm10490385	Kanaparthi Sai Nitin
207245	7910134	tt9810992	tvSeries	Ali Talkies	2014	Talk-Show	nm10211450	Sanjeev K. Kumar
207248	7910143	tt9811012	tvSeries	Villa Santa	\N	\N	nm5969943	Sergio Siruela
207251	7910161	tt9811058	tvSeries	The Siege of Mecca	\N	\N	nm0081179	Thomas Bidegain
207253	7910188	tt9811118	tvSeries	Marvel's M.O.D.O.K.	2021	Action,Animation,Comedy	nm1348846	Eric Towner
207254	7910216	tt9811176	tvSeries	Quarta Dimensione	2019	Documentary,History	nm4918353	Giuseppe Piva
207255	7910218	tt9811180	tvSeries	Kronos Airsoft	2009	Sport	nm10485392	Nick Helliwell
207256	7910275	tt9811294	tvSeries	Extra Jabardasth	2014	Comedy	nm10211450	Sanjeev K. Kumar
207259	7910309	tt9811364	tvSeries	Stephen vs. The Game	2019	Sport	nm1117731	Gotham Chopra
207260	7910315	tt9811378	tvSeries	Speed	\N	\N	nm0109867	Tom Brisley
207262	7910335	tt9811422	tvSeries	Jerk	2019	Comedy	nm1649090	Tom McKay
207264	7910356	tt9811468	tvSeries	Eneamiga	2019	Drama,Romance	nm4399914	Juan Luis Fermín
207265	7910405	tt9811568	tvSeries	The Amsterdam Vlog	2017	Documentary,Reality-TV	nm3634531	Leif Nygaard
207267	7910486	tt9811744	tvSeries	Cyw a'i Ffrindiau	2018	Animation	nm9404461	Leigh Way
207271	7910928	tt9812666	tvSeries	Parlement	2020	Comedy	nm3603907	Jérémie Sein
207272	7910959	tt9812728	tvSeries	Sprinter Galore: På nye eventyr	2019	Comedy	nm2009846	Philip Th. Pedersen
207273	7910972	tt9812754	tvSeries	Reality Casting	\N	Comedy	nm1340435	Brandon Gibson
207274	7910973	tt9812756	tvSeries	Vlad	2019	Drama	nm1028575	Jesús del Cerro
207276	7911004	tt9812818	tvSeries	Artistic Insomnia	2004	Talk-Show	nm10491388	Van Go O'Bryan
207277	7911042	tt9812894	tvSeries	Animal ER Live	2019	Documentary	nm1786976	Shauna Keogh
207278	7911203	tt9813232	tvSeries	Suomi ripillä	1994	Drama	nm0445377	Reima Kekäläinen
207280	7911472	tt9813792	tvSeries	From	\N	Horror,Sci-Fi	nm0070474	Jack Bender
207283	7911623	tt9814116	tvSeries	Brave New World	2020	Drama,Sci-Fi,Thriller	nm0957197	Craig Zisk
207285	7911662	tt9814206	tvSeries	Make You a Star	2015	Reality-TV	nm9824440	Jato Ehijator
207287	7911717	tt9814322	tvSeries	Cutie Pugs	2018	Family	nm2776131	Ben Mazzotta
207289	7911781	tt9814458	tvSeries	Bandish Bandits	2020	Drama,Music,Romance	nm2945270	Anand Tiwari
207290	7911840	tt9814590	tvSeries	Etymology	2017	Documentary	nm10491821	Gina Lafont
207291	7911859	tt9814630	tvSeries	Drake Dragsaw Reviews	2018	Talk-Show	nm10271725	Drake Dragsaw
207292	7911944	tt9814808	tvSeries	Shadow Dancers	2014	Music	nm10486736	Ian Faith
207293	7911967	tt9814854	tvSeries	El partido del sábado	1997	Sport	nm10491893	Ramiro Nieto
207294	7911989	tt9814898	tvSeries	The Family Friendly Club Visuals	2006	Music	nm10486737	Brad Cooper
207295	7911990	tt9814900	tvSeries	Trailer Park Boys: The Animated Series	2019	Animation,Comedy	nm0398258	Gary Howsam
207296	7912005	tt9814936	tvSeries	Le vol d'Anouk	2019	Family	nm1709480	Michele Peyretti
207297	7912007	tt9814940	tvSeries	Shadow Dancers Alpha HD	2014	Music	nm10486737	Brad Cooper
207299	7912057	tt9815052	tvSeries	Iedereen Verlicht	2017	Documentary	nm1683357	Tami Ravid
207301	7912128	tt9815202	tvSeries	In Europa, de geschiedenis op heterdaad betrapt	2019	Documentary	nm2344178	Stefanie de Brouwer
207302	7912132	tt9815210	tvSeries	World's Greatest Journeys	2019	Documentary	nm0928137	Sorrell Wilby
207303	7912136	tt9815220	tvSeries	Heart of Darkness	2019	Crime	nm2034557	Phil Bowman
207307	7912267	tt9815502	tvSeries	Bloodride	2020	Horror,Mystery,Thriller	nm1076816	Geir Henning Hopland
207310	7912299	tt9815566	tvSeries	The Moonstone	2018	Crime,Mystery,Romance	nm5609600	Grant C. Hansen
207313	7912365	tt9815726	tvSeries	All Is Well	2019	Drama	nm8128391	Chuanhe Jian
207314	7912409	tt9815816	tvSeries	World of Micah	2015	Reality-TV	nm10488068	Micah Boyd
207316	7912506	tt9816016	tvSeries	Meet the Worthys	2016	Comedy	nm10492728	Larime Nelson
207318	7912536	tt9816080	tvSeries	The Jack Paar Show	1953	Comedy	nm0792938	Burt Shevelove
207319	7912538	tt9816088	tvSeries	Single Tokyo Man	2019	Drama	nm1939516	Arisa Kaneko
207321	7912548	tt9816118	tvSeries	Miss Persona	2001	Family	nm3083154	Brandon Lane
207323	7912553	tt9816130	tvSeries	Mission Declassified	2019	Documentary,History	nm3389349	B.J. Golnick
207324	7912609	tt9816246	tvSeries	Unstuck	2019	Comedy	nm10492875	Tézya Jackson
207325	7912643	tt9816322	tvSeries	B-Sides	2021	Comedy,Drama	nm0043955	Lin Que Ayoung
207326	7912722	tt9816494	tvSeries	Naked & Invisible	2015	\N	nm0329231	Simon Goodman
207327	7912802	tt9816660	tvSeries	L.A. Vice: Porn Stars & Hustlers	2015	\N	nm5228181	Ronan McCloskey
207328	7912804	tt9816664	tvSeries	Suddenly Single in the Suburbs	\N	Comedy,Drama	nm8318443	Eric Francis Melaragni
207329	7912814	tt9816686	tvSeries	Energy Dancers BPM	2015	Music	nm10486737	Brad Cooper
207331	7912924	tt9816932	tvSeries	The Posh Frock Shop	2018	Documentary,Reality-TV	nm4265892	Imogen Willcocks
207332	7912926	tt9816936	tvSeries	Hero Worship	2019	Talk-Show	nm0747770	Joe Rubalcaba
207333	7912992	tt9817080	tvSeries	The Cinema Beasts	2019	Talk-Show	nm10493436	Jas Phoenix
207335	7913058	tt9817218	tvSeries	Losers	2019	Documentary,Sport	nm5943449	Mickey Duzyj
207336	7913064	tt9817236	tvSeries	Shadow	2019	Action	nm7898605	Gareth Crocker
207337	7913087	tt9817288	tvSeries	YooHoo to the Rescue	2019	Family	nm10562468	Horak Kim
207340	7913183	tt9817492	tvSeries	Bou Keno Psycho	2019	Thriller	nm2404627	Debaloy Bhattacharya
207341	7913330	tt9817810	tvSeries	Bahr Abiad Jewel	2017	Drama	nm10491374	Hassan Kadasa
207342	7913410	tt9817980	tvSeries	Domestic Girlfriend	2019	Animation,Drama,Romance	nm10616839	Ageha Kochoran
207345	7913467	tt9818106	tvSeries	Identifikatsiya	2019	Drama	nm8345510	Vladlena Sandu
207346	7913490	tt9818152	tvSeries	Cars and Dolls	\N	Reality-TV	nm4433374	Eric Nyenhuis
207347	7913495	tt9818162	tvSeries	The Coal Hole Club	1973	Comedy,Family,Music	nm4289598	Des Sissons
207348	7913803	tt9818802	tvSeries	Movie Trip!	2017	Reality-TV	nm10320410	Josh Solomon
207349	7913860	tt9818916	tvSeries	Raghs Rooi é Shisheh	2019	Drama	nm6420135	Mahdi Golestaneh
207367	7914700	tt9820632	tvSeries	The DeGentlemen Show	2018	Sport	nm0379339	John J. Hermansen
207370	7914727	tt9820686	tvSeries	WTFood	2017	Reality-TV	nm5097863	Chelsea Lupkin
207371	7914747	tt9820728	tvSeries	The Year of Culture	2018	Comedy	nm3379945	Tito Kalatozishvili
207374	7914835	tt9820918	tvSeries	Words And Music	1965	Family	nm0423620	Edward Joffe
207375	7914848	tt9820950	tvSeries	Meet the Mackeys	2019	Comedy	nm4264512	Pryde Pierce
207376	7914851	tt9820960	tvSeries	The Sound Of...	1970	Family	nm10495335	Anna Moore
207377	7914867	tt9820994	tvSeries	The R. And J. Road Show	1964	Family	nm0674984	Bill Perry
207379	7914917	tt9821106	tvSeries	Liam Atkinson: The SpongeBob Series	2019	Comedy,Family	nm10499947	Antony
207381	7914951	tt9821180	tvSeries	Get the Fork Out	2018	Reality-TV	nm5097863	Chelsea Lupkin
207382	7914952	tt9821182	tvSeries	Insanely Easy	2018	Reality-TV	nm5097863	Chelsea Lupkin
207386	7915489	tt9822284	tvSeries	Laffaholics	2016	Comedy	nm0256949	Marc Enette
207387	7915516	tt9822338	tvSeries	E.V.E - Audi Alteram Partem	2018	Drama	nm8971373	Bunmi Ajakaiye
207388	7915535	tt9822376	tvSeries	Burnt	\N	Comedy,Crime	nm2803141	Brent Gorcie
207389	7915548	tt9822404	tvSeries	The Whole Truth with David Eisenhower	2016	News	nm2734058	Brian O'Reilly
207392	7915584	tt9822486	tvSeries	Sixty Second Slashers	2013	Comedy,Horror	nm3601272	Matt Stuertz
207393	7915617	tt9822558	tvSeries	Horrible Reviews	2008	Documentary	nm9526280	Jeroen Bijl
207394	7915622	tt9822568	tvSeries	The Lawn Whisperers	2017	Comedy	nm10496249	George Ellis
207398	7915661	tt9822656	tvSeries	Masala	2016	Drama	nm10468826	Mohamed Yahssir
207399	7915699	tt9822736	tvSeries	The Ladies View	2016	Talk-Show	nm5154427	Selene Montijo
207400	7915706	tt9822750	tvSeries	Family Meeting	2018	Comedy,Drama	nm3486117	Adam Ganser
207401	7915714	tt9822766	tvSeries	Sketchek	2012	Comedy	nm10496382	Sketchek
207402	7915776	tt9822902	tvSeries	The Joy Villa Show	2019	Talk-Show	nm2576262	Joy Villa
207403	7915804	tt9822958	tvSeries	Bradley and Bee	\N	Animation	nm1049492	Sarah Ball
207404	7915835	tt9823024	tvSeries	Broken Bonds	2019	Action,Crime	nm10492716	Dawid Rzedzian
207405	7915882	tt9823122	tvSeries	Mannphodganj Ki Binny	\N	Comedy,Drama,Romance	nm3420541	Vikas Chandra
207406	7915936	tt9823230	tvSeries	The Interviewers (Josh and Chloe)	2010	\N	nm6160363	Rhonda Starr
207408	7915943	tt9823246	tvSeries	Dinner Takes All	2019	\N	nm0669120	Michael Pearlman
207409	7915944	tt9823248	tvSeries	Battle of the Ages	2019	\N	nm1043749	Hans van Riet
207411	7916346	tt9824096	tvSeries	Australia with Julia Bradbury	2019	Documentary	nm2198948	Siân Jones
207412	7916382	tt9824170	tvSeries	Rivera El Protector	2020	Crime	nm8853491	Alejandro Nieto-Polo
207415	7916801	tt9825028	tvSeries	Bloodfang	2019	Action	nm10497275	Katie Lunn
207416	7917371	tt9826208	tvSeries	The Mancave	2019	Talk-Show	nm10497472	Ana Joy King
207417	7917407	tt9826286	tvSeries	Kamenák	2019	Comedy	nm2508880	Ján Novák
207418	7917421	tt9826314	tvSeries	Magmel of the Sea Blue	2019	Action,Adventure,Animation	nm1618147	Hayato Date
207419	7917432	tt9826344	tvSeries	Why the Hell are You Here, Teacher!?	2019	Animation,Comedy,Romance	nm0865778	Toshikatsu Tokoro
207420	7917437	tt9826354	tvSeries	Blackwater	2019	Drama	nm6978546	Boise Esquerra
207421	7917461	tt9826402	tvSeries	Yu-No: A Girl Who Chants Love at the Bound of this World	2019	Animation,Drama,Mystery	nm2657726	Tetsuo Hirakawa
207422	7917520	tt9826524	tvSeries	Vengeance: Killer Lovers	2019	Crime	nm3429759	Christopher Mitchell
207423	7917572	tt9826628	tvSeries	Yemin	2019	Drama	nm10497760	Serkan Mut
207426	7917610	tt9826710	tvSeries	Still I Rise	2018	Documentary	nm2652025	Mimi Chakarova
207427	7917711	tt9826930	tvSeries	Specifically for No Reason	2019	Comedy	nm2884369	Stephen Anthony Bailey
207428	7917715	tt9826938	tvSeries	Children of Scythia	2019	Animation	nm1153493	Craig Lew
207429	7917738	tt9826984	tvSeries	Claire-ity	2020	Comedy	nm3494619	Rose Massett
207430	7917751	tt9827014	tvSeries	Karvakuonojen salapoliisitoimisto	1987	Family	nm1515269	Olli Löytönen
207431	7917797	tt9827114	tvSeries	Une Famille en Or	2007	Game-Show	nm1366551	Franck Broqua
207433	7917838	tt9827198	tvSeries	Stash House	2019	Comedy	nm10498087	Terrell Brooks
207435	7917859	tt9827242	tvSeries	Les Reines du Shopping	2013	Reality-TV	nm4845997	Mathieu Besset
207436	7917881	tt9827296	tvSeries	Within Brim's Skin	2019	Talk-Show	nm8245192	Stephen Zambito
207437	7918006	tt9827560	tvSeries	Tender Touches: 'Maniac'	2018	Comedy	nm3045922	Sarah Smith
207439	7918154	tt9827876	tvSeries	The Creepypasta Episodes	2012	Horror	nm10494482	Jacob Rohrbach
207440	7918289	tt9828184	tvSeries	Chris & Jack	2016	Comedy	nm2719355	Chris W. Smith
207443	7918339	tt9828296	tvSeries	Hey Latino	2016	Talk-Show	nm10498687	Gerald Adair
207444	7918466	tt9828562	tvSeries	Hitori Bocchi's OO Lifestyle	2019	Animation,Comedy,Drama	nm10964578	Ayumu Uwano
207446	7918528	tt9828696	tvSeries	Ao-chan Can't Study	2019	Animation,Comedy,Romance	nm8216975	Keisuke Inoue
207447	7918542	tt9828724	tvSeries	Philosopher's Grandson	2019	Action,Animation,Comedy	nm2895489	Masafumi Tamura
207448	7918561	tt9828762	tvSeries	Scary Monsters Magazine Presents	2016	Horror,Sci-Fi,Talk-Show	nm1813225	Cameron McCasland
207449	7918578	tt9828800	tvSeries	Senryuu Girl	2019	Animation,Comedy,Drama	nm7290100	Kento Niiya
207451	7918738	tt9829142	tvSeries	Pyaar Ke Papad	2019	Comedy	nm7423090	Pushkar Mahabal
207452	7918743	tt9829152	tvSeries	The Night Riders	\N	Drama	nm6529019	Jane Sanger
207455	7918865	tt9829410	tvSeries	Tom and Tommy	2019	Animation	nm10499109	Srdjan Vukmirovic
207456	7918895	tt9829474	tvSeries	Captain Pepe	2019	Animation	nm10499109	Srdjan Vukmirovic
207457	7918947	tt9829586	tvSeries	Love in Sadness	2019	Drama	nm4557019	Yi-seob Choi
207458	7919002	tt9829696	tvSeries	Wielkie Konflikty	2015	Comedy	nm4942400	Jan Jurkowski
207459	7919072	tt9829836	tvSeries	Montreal, mon amour, mon histoire	2012	Documentary	nm1509895	Paul Carvalho
207460	7919541	tt9830794	tvSeries	Looking for Love Naija	2018	Reality-TV	nm9964312	Sampson Afolabi-Johnson
207461	7919581	tt9830874	tvSeries	With Lyrics	2008	Comedy,Music,Short	nm3115807	Shawn Caple
207462	7919610	tt9830932	tvSeries	Poisonous Daughter And Holy Mother	2019	Drama,Family,Mystery	nm2470880	Yasuhiro Yoshida
207465	7919917	tt9831554	tvSeries	Golden Five	2019	Animation	nm10499109	Srdjan Vukmirovic
207467	7920076	tt9831882	tvSeries	My Unusual Impulse	\N	Reality-TV	nm4224822	Jeff Houkal
207469	7920137	tt9832006	tvSeries	Geekazine Review	2014	Documentary	nm2879080	Jeffrey Powers
207470	7920394	tt9832560	tvSeries	Andreína	1981	Drama,Romance	nm1120907	Daniel Farías
207471	7920407	tt9832586	tvSeries	The Hot Seat	2019	Talk-Show	nm10384327	Rashid Terry
207472	7920459	tt9832692	tvSeries	Kyun Bikharte Hai Rishtey	2016	Talk-Show	nm10499993	Shahwaz Mirza
207473	7920484	tt9832742	tvSeries	Minecraft Doctor Who	2018	Sci-Fi	nm10250457	Aidan Marsh
207474	7920558	tt9832898	tvSeries	MTV Geordie Shore 8 launch	2014	Reality-TV	nm3423368	Peter Ireland
207475	7920564	tt9832910	tvSeries	Geordie Shore 9 launch	2014	Reality-TV	nm3423368	Peter Ireland
207476	7920570	tt9832922	tvSeries	Junior on the Job	2016	Family	nm4469037	Michael Bruza
207477	7920580	tt9832942	tvSeries	MTV Ex On The Beach 4 launch	2016	Reality-TV	nm3423368	Peter Ireland
207478	7920645	tt9833090	tvSeries	UnNecessary Talk	2019	\N	nm5885597	Brian Sturges
207479	7920690	tt9833184	tvSeries	Dr. Petes Office	2019	Family	nm2441741	Dave Marken
207480	7920712	tt9833230	tvSeries	Last Call	2016	Drama	nm6735566	Robert Mercado
207481	7920718	tt9833242	tvSeries	Semeynye melodramy	2010	Drama,Romance	nm8703083	Julia Konopelko
207485	7920870	tt9833562	tvSeries	Dos machos y medio	2019	Comedy	nm8723770	Julio Garcia Martinez
207486	7920881	tt9833584	tvSeries	Yeh Rishtey Hain Pyaar Ke	2019	Drama	nm3486538	Rajan Shahi
207487	7921023	tt9833882	tvSeries	StartUp Girls	2019	Comedy	nm3071548	Damon Biviano Kuenzler
207489	7921104	tt9834048	tvSeries	L'heure juste	1986	Talk-Show	nm0479486	Pierre Laberge
207493	7921530	tt9834934	tvSeries	Y'a plein d'soleil	1998	Music,Talk-Show	nm10501387	Diala Bédard
207494	7921796	tt9835468	tvSeries	Rezidentai	2014	Comedy	nm4787034	Alvydas Slepikas
207495	7921827	tt9835534	tvSeries	Bizzarro Bazar	2019	Documentary	nm3201094	Francesco Erba
207497	7922241	tt9836372	tvSeries	Vengeance: Killer Neighbors	2019	Crime	nm3429759	Christopher Mitchell
207499	7922254	tt9836398	tvSeries	Misterios de la Ciencia	2013	Reality-TV	nm8333168	Yader Ñañez
207500	7922449	tt9836798	tvSeries	Cinderella Nine	2019	Animation,Drama,Sport	nm1375928	Kiyoshi Murayama
207501	7922507	tt9836922	tvSeries	Hana Dreams	\N	Animation	nm10105114	Anees MeeraSahib
207502	7922566	tt9837050	tvSeries	Endoxa ploia tou polemikou naftikou	2017	Documentary	nm0013010	Panos Angelopoulos
207503	7922574	tt9837066	tvSeries	Domov	1985	Drama,Family	nm0354683	Laco Halama
207505	7922596	tt9837112	tvSeries	Perjantai-dokkari	2016	Documentary	nm9951743	Kati Laukkanen
207506	7922716	tt9837360	tvSeries	Behind the Baker	2019	Reality-TV	nm10487194	King Bop
207507	7922723	tt9837376	tvSeries	Boy Shorts	2019	Comedy	nm8172742	Ellie Gravitte
207508	7922731	tt9837394	tvSeries	Shef-kukhar krainy	2010	Talk-Show	nm10501917	Elena Khlystun
207509	7922785	tt9837510	tvSeries	The Unitato Saga	2018	Action,Animation,Comedy	nm10501754	Ethan Erdman
207510	7922810	tt9837564	tvSeries	Un poquito tuyo	2019	Comedy	nm3044317	Felipe Aguilar D.
207511	7922817	tt9837578	tvSeries	Profile	2001	Biography	nm1408102	Sally Thomson
207512	7922891	tt9837740	tvSeries	Tales from the Storygenie	2004	Family	nm2232219	Jeanne Corcoran
207514	7922952	tt9837876	tvSeries	Sorry for Asking	2018	Documentary	nm3211444	Adi Levi
207519	7923195	tt9838388	tvSeries	Grandiosas	2007	Comedy,Talk-Show	nm2584134	Ivan Herrera
207520	7923259	tt9838532	tvSeries	CEG Live!	2018	\N	nm0755194	Suzy Sachs
207522	7923373	tt9838790	tvSeries	Hiram na anak	2019	Drama	nm1931428	Gil Tejada Jr.
207523	7923408	tt9838862	tvSeries	What I Really Do	2016	Comedy	nm3318020	Ryan Turner
207524	7923513	tt9839076	tvSeries	Cry of the Loon	2019	Sport	nm10503251	Victor Lyon
207525	7923544	tt9839146	tvSeries	Blood & Water	2020	Drama,Mystery	nm3736242	Daryne Joshua
207526	7923582	tt9839222	tvSeries	Studio Tarara	2019	Drama	nm4637874	Wim Geudens
207527	7923608	tt9839280	tvSeries	Fresh Blood: Aunty Donna	2014	Comedy	nm4266805	Max Miller
207528	7923738	tt9839552	tvSeries	Os Roni	2019	Comedy	nm5235870	Claudia Alves
207529	7923824	tt9839732	tvSeries	The Inde Life	2018	Talk-Show	nm4261872	Ashley Ali J.
207532	7924608	tt9841328	tvSeries	The Top Hat Balloon Show	2019	Comedy	nm6895369	Maximillian Olmsted
207533	7924773	tt9841668	tvSeries	Exotic Destinations 101	2019	Documentary	nm10494432	Turnt Network
207534	7924930	tt9841996	tvSeries	Brorsor Forever	2019	Comedy	nm10504118	Sonny Erhardsson
207535	7925096	tt9842344	tvSeries	Bela Houdood	2014	Reality-TV	nm2924855	Bahaa Khaddaj
207536	7925172	tt9842506	tvSeries	Tapur Tupur	2011	Drama	nm5531788	Sumanta Banerjee
207538	7925287	tt9842768	tvSeries	Mal Me Quer	2019	Comedy	nm4894169	Ian Sbf
207539	7925311	tt9842820	tvSeries	Limited Edition	2020	Crime	nm3259276	Cole Mueller
207540	7925313	tt9842824	tvSeries	Prosjekt perfekt	2013	Documentary,Reality-TV	nm3817123	Jørn Berge Larsen
207541	7925314	tt9842826	tvSeries	Kralj Petar I	2019	Biography,Drama,History	nm3735000	Petar Ristovski
207543	7925322	tt9842844	tvSeries	La Purga	2011	Thriller	nm0116660	Pablo Brusa
207544	7925329	tt9842860	tvSeries	I Am Sabrina	\N	\N	nm5453786	Anthony M. Laura
207545	7925336	tt9842878	tvSeries	Ana Sherry Dot Com	2019	Comedy	nm4678834	Ramy Rizkallah
207546	7925378	tt9842966	tvSeries	Edición especial	1993	Sport	nm8336816	Roberto Muñoz
207549	7925408	tt9843032	tvSeries	Stars on Sunday	1977	Music	nm0992363	Jeff Bennet
207551	7925421	tt9843058	tvSeries	Bad Dad Advice	2016	Comedy	nm0512226	Greg Lindsay
207552	7925429	tt9843074	tvSeries	Band Baajaa Bride	2013	Reality-TV	nm9030618	Monia Pinto
207554	7925437	tt9843090	tvSeries	Pantoffelkino	2013	Talk-Show	nm6972498	Daniel Gusy
207555	7925441	tt9843098	tvSeries	Pasch-TV	2013	Game-Show	nm6972498	Daniel Gusy
207556	7925511	tt9843242	tvSeries	Slayer Paris	2008	Action,Horror	nm10505074	Alex Bettinger
207557	7925589	tt9843408	tvSeries	Opinions and Beer	2019	Talk-Show	nm7052631	Adam Lee Morgan
207558	7925645	tt9843522	tvSeries	Denis	2016	Comedy	nm11855485	Sub
207559	7925691	tt9843624	tvSeries	Paragenex	\N	Action,Horror,Sci-Fi	nm9255578	Steven Morris
207560	7925701	tt9843650	tvSeries	The Streets of ATL	2017	Action	nm10505362	Derrick Sanders
207562	7925739	tt9843730	tvSeries	Rebels with a Cause	\N	Comedy	nm2379505	David Boisclair
207563	7925865	tt9843998	tvSeries	Sister	\N	Drama	nm7673873	Yelena Arshakyan
207564	7925873	tt9844014	tvSeries	Hollyweird Anonymous	2019	\N	nm5022704	Peter Ghabi
207565	7925984	tt9844240	tvSeries	Freddy's Friends	2019	Talk-Show	nm4063900	Freddy Mancilla
207566	7926015	tt9844312	tvSeries	Princess Pring	2019	Animation	nm6745578	Soo-Yeon Kim
207567	7926026	tt9844334	tvSeries	Vernon Subutex	2019	Crime,Drama	nm0894581	Cathy Verney
207570	7926083	tt9844458	tvSeries	Go North	2019	Documentary	nm1395095	Ketil Teisen
207571	7926112	tt9844516	tvSeries	Amar a Morir	2019	Drama	nm8349187	César Opazo
207572	7926117	tt9844526	tvSeries	Europas Muslime	2017	Documentary	nm2612042	Faruk Hosseini
207575	7926292	tt9844888	tvSeries	Everyone Wants to Meet You	2020	Drama	nm5176757	Fu-Hsiang Hsu
207577	7926340	tt9844988	tvSeries	Zhi ma hu tong	2019	Comedy,Drama	nm0514948	Jiacheng Liu
207581	7926409	tt9845130	tvSeries	Azifat	2018	Reality-TV	nm2924855	Bahaa Khaddaj
207583	7926427	tt9845168	tvSeries	Ryan's Mystery Playdate	2019	Family	nm0004597	Adam Weissman
207584	7926462	tt9845246	tvSeries	Super Shiro	2019	Animation,Comedy,Family	nm1482702	Masaaki Yuasa
207585	7926464	tt9845250	tvSeries	Human Discoveries	2019	Action,Adventure,Animation	nm6235898	Matt Garofalo
207586	7926574	tt9845484	tvSeries	London: 2000 Years of History	2019	Documentary	nm1636148	Paul Nelson
207590	7926933	tt9846222	tvSeries	This is Nigeria	2019	Documentary	nm6573372	Kenim
207591	7926962	tt9846284	tvSeries	Time to Eat with Nadiya	2019	Reality-TV	nm2491921	Katy Fryer
207592	7927072	tt9846506	tvSeries	The Connection	\N	Drama	nm1170855	J.C. Chandor
207594	7927529	tt9847438	tvSeries	Football Town: Cleveland Ohio	2018	Sport	nm4158432	Jenn Shaw
207595	7927538	tt9847466	tvSeries	Date Night TV	1995	Reality-TV	nm3511945	Lisa Dapprich
207596	7927547	tt9847484	tvSeries	Radical Cram School	2018	Comedy,Documentary,Family	nm1531993	Jenessa Joffe
207597	7927616	tt9847624	tvSeries	Football Town: Scottsdale Arizona	2018	Sport	nm4158432	Jenn Shaw
207598	7927650	tt9847692	tvSeries	Corn & Peg	2019	Adventure,Animation,Comedy	nm0420261	Sean V. Jeffrey
207599	7927675	tt9847744	tvSeries	Donald Lautrec Chaud	1969	Music	nm10507316	Jean-Guy Benjamin
207601	7927782	tt9847976	tvSeries	Mi Esperanza	2018	Drama	nm9393779	Francisco Álvarez
207602	7927788	tt9847988	tvSeries	House Full	2008	Drama	nm5286141	Redoan Rony
207603	7927852	tt9848132	tvSeries	The Unknown	2019	Documentary	nm10494432	Turnt Network
207604	7927994	tt9848432	tvSeries	De su misma sangre	1982	Drama,Romance	nm0729455	Arquímedes Rivero
207605	7928008	tt9848460	tvSeries	Professor Tony	2017	Talk-Show	nm9458726	Rexx A. Garvin
207606	7928028	tt9848502	tvSeries	Paranormalism	2021	Documentary,Reality-TV,Sci-Fi	nm2368882	Matthew Bland
207607	7928043	tt9848536	tvSeries	We Are Who We Are	2020	Drama	nm0345174	Luca Guadagnino
207609	7928173	tt9848802	tvSeries	Histoires de chars	2016	Reality-TV	nm4698801	Josh Wong
207612	7928290	tt9849046	tvSeries	Halorama	2011	Adventure,Drama,Sci-Fi	nm10508396	Garrett Hayworth
207613	7928311	tt9849090	tvSeries	Momolu Minis	2018	Animation	nm4748100	Thomas Lepeska
207615	7928350	tt9849186	tvSeries	Intergalactic	2021	Drama,Sci-Fi	nm2700992	Kieron Hawkes
207616	7928352	tt9849190	tvSeries	Little Birds	2020	Drama,Romance	nm4945419	Stacie Passon
207617	7928353	tt9849192	tvSeries	Dad's Night at Shakey's	2018	\N	nm3494529	Amy Reedy Asbjørnsen
207618	7928361	tt9849210	tvSeries	Biohackers	2020	Drama,Sci-Fi,Thriller	nm0228542	Christian Ditter
207619	7928411	tt9849320	tvSeries	Donzilla's Stand-Up Showcase	2015	Comedy	nm5122902	Myke Goings
207620	7928427	tt9849354	tvSeries	The Bhama Show	2016	Comedy	nm5039362	Liz Ellis
207621	7928445	tt9849390	tvSeries	Dans les yeux d'Olivier	2011	\N	nm1304725	Mathieu Duboscq
207622	7928566	tt9849648	tvSeries	Morgendagens idrettshelter	2013	Documentary,Sport	nm6705860	Silje Evensmo Jacobsen
207625	7928644	tt9849818	tvSeries	Raktha Chandana	2019	Thriller	nm6036387	Giriraj Bm
207626	7928649	tt9849828	tvSeries	My Filmmaking Journey	2019	Documentary	nm5741914	Chris Stuckmann
207628	7928842	tt9850232	tvSeries	Durva	2013	Drama	nm10509189	Deepak Nalawade
207629	7928851	tt9850252	tvSeries	Without Limits: Vietnam	2017	Documentary	nm3205858	Sophie Todd
207633	7928887	tt9850324	tvSeries	Sports Fans	2017	Documentary	nm5655603	Michal Bielawski
207638	7928914	tt9850384	tvSeries	Mannen som lekte med elden	2019	Documentary	nm1380082	Henrik Georgsson
207639	7928924	tt9850410	tvSeries	Majhe Mann Tujhe Jhale	2013	Drama	nm6646722	Utkarsh Jadhav
207640	7929069	tt9850708	tvSeries	Dinosaurio, la serie	2018	Comedy	nm10509591	Anabel Hernandez
207641	7929110	tt9850798	tvSeries	Kamla	2014	Drama	nm10157628	Rupesh Patil
207642	7929146	tt9850884	tvSeries	Choti Malkin	2018	Drama	nm3274526	Girish Vasaikar
207643	7929166	tt9850930	tvSeries	Yolo Pronto 2	2017	Family	nm1426199	Bratina Tay
207644	7929176	tt9850952	tvSeries	Medical Police	2020	Comedy	nm0906476	David Wain
207645	7929296	tt9851196	tvSeries	Betsy's Bestie	2019	Comedy	nm6767749	Hannibal King
207647	7929434	tt9851478	tvSeries	Chico Héroe	2018	Action	nm10099791	Noé Hurtado Hernández
207648	7929563	tt9851740	tvSeries	Voice of Majesty	2019	Drama	nm1420281	Robert X. Golphin
207651	7930009	tt9852660	tvSeries	Monzón: A Knockout Blow	2019	Biography,Crime,Drama	nm1419614	Jesus Braceras
207657	7930595	tt9853922	tvSeries	On the Road with Rich Gill	2020	Biography	nm2199205	Rich Gill
207658	7930634	tt9854008	tvSeries	Jiang Hu	2019	Animation	nm3209984	Bennie Woodell
207661	7930992	tt9854768	tvSeries	Les P'tits Plats de Babette	2010	\N	nm4845997	Mathieu Besset
207666	7931112	tt9855018	tvSeries	Property Brothers: Forever Home	2019	Reality-TV	nm9741138	Jim MacPherson
207672	7931164	tt9855134	tvSeries	Las Alewa y el Bakanoa	2011	Documentary	nm1318516	Emilio G. Canton
207673	7931189	tt9855188	tvSeries	Arthur House	\N	Documentary	nm5097279	Laurie Calvert
207674	7931222	tt9855260	tvSeries	Handy	2019	\N	nm0414926	Susan Jacobson
207675	7931328	tt9855482	tvSeries	The Gulf	2019	Crime	nm0368124	Charlie Haskell
207678	7931409	tt9855650	tvSeries	Be Dune Daha	2014	Drama,Family	nm10511790	Soha Kulkarni
207679	7931435	tt9855704	tvSeries	Pasant Aahe Mulgi	2016	Drama	nm8918389	Swapnil Warke
207680	7931559	tt9855962	tvSeries	Jul & Julia	2015	Drama,Musical	nm0628655	Filip Van Neyghem
207681	7931561	tt9855966	tvSeries	Salute Siachen	2017	Reality-TV	nm2396167	Shlok Sharma
207689	7931603	tt9856052	tvSeries	Alarm	2018	Drama	nm10512048	Kaushik
207695	7931619	tt9856088	tvSeries	Married Woman Diaries: Phase 2	2018	Drama	nm1294647	Kabir Sadanand
207700	7931652	tt9856154	tvSeries	Lights camera arjun	2017	Comedy	nm10512198	Gareth Queen
207701	7931654	tt9856158	tvSeries	Mela	2019	Drama	nm8383762	Florence Dadu
207705	7931733	tt9856322	tvSeries	Heti Dörgés Villám Gézával	2019	Comedy	nm2677904	Geza Villam
207706	7931738	tt9856336	tvSeries	Aruanas	2019	Action,Crime,Drama	nm1170017	Estela Renner
207708	7931800	tt9856464	tvSeries	Urban Jungle	\N	Animation	nm1012501	Rupert Wyatt
207709	7932067	tt9857020	tvSeries	And Now We Drink	2019	Comedy,Talk-Show	nm9117901	Matt Slayer
207710	7932249	tt9857388	tvSeries	Ridiculousness Arabia	2017	Comedy	nm10512604	Giampaolo Manfreda
207711	7932392	tt9857678	tvSeries	Coffee or Tea? *No Phones Allowed	2018	Talk-Show	nm0247533	Jennifer East
207713	7932576	tt9858062	tvSeries	Zirkus, Zirkus	1981	Family	nm1393534	Horst Eppinger
207714	7932881	tt9858736	tvSeries	Inayomin	\N	Drama	nm10513004	Ern Carr
207715	7932906	tt9858786	tvSeries	Country-Time mit Freddy Quinn	1982	Music	nm0920909	Dieter Wendrich
207716	7933018	tt9859028	tvSeries	Nanebevstoupení Lojzka Lapácka	1994	Drama	nm0466987	Otakar Kosek
207718	7933147	tt9859306	tvSeries	Put Up or Shut Up	2017	Sport	nm6271240	Bradford Alicea
207722	7933175	tt9859362	tvSeries	Slacker TV (The Slack Pack)	1997	Comedy	nm1764388	Pete Bune
207725	7933236	tt9859494	tvSeries	Musicstand	1965	Family	nm1726272	David Main
207728	7933287	tt9859600	tvSeries	The Swim	2018	Reality-TV	nm2261081	Jared McGilliard
207729	7933294	tt9859616	tvSeries	The Golden Eyes	2019	Action,Adventure,Crime	nm10516460	Lili Jiao
207730	7933301	tt9859630	tvSeries	23.5º with Sam Champion	2016	Talk-Show	nm5024828	Darcy R. Bonfils
207731	7933369	tt9859768	tvSeries	Jake Kiehl	\N	Comedy	nm0219430	Charles Dennis
207733	7933438	tt9859912	tvSeries	Cocaine Sisters	2019	Action,Drama,Thriller	nm6830163	Thomas Macias
207736	7933551	tt9860142	tvSeries	@Station_1	\N	Documentary	nm2379505	David Boisclair
207738	7933559	tt9860158	tvSeries	Revolve	\N	Documentary	nm2379505	David Boisclair
207739	7933602	tt9860244	tvSeries	The Talk (a Ky's Korner segment)	2018	Talk-Show	nm9851710	Kyleen McHenry
207740	7933603	tt9860246	tvSeries	Ky's Korner (YouTube Podcast)	2018	Talk-Show	nm10034869	Anthony Digioia
207741	7933640	tt9860320	tvSeries	Wasteland	2019	Crime	nm9589465	Stephaun Perry
207742	7933641	tt9860322	tvSeries	Pokémon: Sun & Moon Ultra Adventures	2018	Animation	nm5977285	Daiki Tomiyasu
207744	7933662	tt9860372	tvSeries	Eru	2020	Romance	nm2868833	Teruyuki Yoshida
207752	7933791	tt9860640	tvSeries	Fashion's Future	2018	Documentary	nm5876426	Maiken Lorentz
207753	7933796	tt9860650	tvSeries	How to Make Love to a Black Woman	2020	\N	nm5774032	Naima Ramos-Chapman
207754	7933797	tt9860658	tvSeries	Dress Me	2018	Documentary	nm5876426	Maiken Lorentz
207755	7933798	tt9860660	tvSeries	The First Team	2020	Comedy,Sport	nm0606597	Iain Morris
207756	7933800	tt9860664	tvSeries	The Goes Wrong Show	2019	Comedy	nm0219513	Martin Dennis
207759	7933812	tt9860688	tvSeries	TV Therapy	2019	Comedy	nm0713014	Terry Ray
207768	7934094	tt9861270	tvSeries	Çilgin Dersane Üniversitede	2014	Comedy	nm2414707	Yasin Uslu
207769	7934108	tt9861300	tvSeries	Miami Canape Club	\N	Comedy	nm3407897	Horacio Alcala
207772	7934132	tt9861350	tvSeries	Total Nadaniyaan	2015	Comedy	nm2131578	Santosh Deodhar
207773	7934302	tt9861706	tvSeries	The Grey Area	2019	Crime	nm3647340	Garry Fraser
207775	7934388	tt9861884	tvSeries	Dug moru	2019	Crime,Drama,Mystery	nm0004206	Goran Gajic
207776	7934392	tt9861892	tvSeries	Hostanli kalayli saray	2013	Comedy	nm2419378	Mahmut Kaptan
207777	7934411	tt9861934	tvSeries	Alien: Isolation	2019	Animation,Horror,Sci-Fi	nm3266613	Fabien Dubois
207778	7934414	tt9861940	tvSeries	Mrs.Subbalakshmi	2019	Drama	nm7339977	Vamsi Krishna
207779	7934442	tt9862004	tvSeries	Chicago Theater Review	2007	Talk-Show	nm10514925	Frank Mecca
207781	7935179	tt9863496	tvSeries	María Magdalena	2018	Biography	nm1903155	Juan Felipe Cano
207783	7935285	tt9863712	tvSeries	Miguel Ângelo ao Vivo	1998	Music,Talk-Show	nm2097815	Richard Purdom
207784	7935291	tt9863724	tvSeries	Beautiful World	2019	Drama,Mystery	nm2142993	Chan-hong Park
207786	7935312	tt9863766	tvSeries	Doctor Prisoner	2019	Drama,Mystery,Thriller	nm2343040	In Hyuk Hwang
207787	7935323	tt9863788	tvSeries	El juego de las llaves	2019	Drama,Romance	nm2305561	Javier Colinas
207788	7935331	tt9863804	tvSeries	Taking Care of Business (TBN)	2019	Documentary	nm2300527	James Alexander Langteaux
207790	7935372	tt9863896	tvSeries	One on 1 with Budd Mishkin	2003	Biography	nm0592764	Budd Mishkin
207791	7935398	tt9863948	tvSeries	Scam 419	2018	Crime	nm6920418	Charles A. Duncan
207793	7935482	tt9864120	tvSeries	The Book of Mysteries	2018	Talk-Show	nm3172786	Cris Cunningham
207795	7935606	tt9864412	tvSeries	Swiss Men's Award	2018	Reality-TV	nm6983606	Nino Ruef
207796	7935651	tt9864554	tvSeries	RPG	2008	Comedy	nm4513427	Ian Cap
207797	7935660	tt9864572	tvSeries	Celebrities with Heart: Who Do You Like for the Emmys?	2019	Talk-Show	nm0021515	Cie Allman
207800	7935837	tt9864960	tvSeries	South	1988	Drama	nm1409464	Peter Boisseau
207801	7935848	tt9864982	tvSeries	Historias Da Arte	2019	Biography	nm5960290	Karina Ades
207803	7935916	tt9865126	tvSeries	Murder for Hire	2019	Crime,Documentary	nm0440859	Adam Kassen
207804	7935930	tt9865156	tvSeries	Spy Wars	2019	Documentary	nm2201242	David O'Neill
207807	7936028	tt9865358	tvSeries	USA v. Chapo: The Drug War Goes on Trial	2019	Documentary	nm1509733	Bernardo Ruiz
207809	7936060	tt9865422	tvSeries	Heba Regl El Ghorab	2017	Comedy	nm4678834	Ramy Rizkallah
207811	7936102	tt9865510	tvSeries	Be the Change	2019	Reality-TV	nm3670392	Steve Glassner
207812	7936153	tt9865614	tvSeries	Premier League: Extra Time	\N	\N	nm2405641	Travis Schoen
207813	7936207	tt9865726	tvSeries	Modernity	\N	\N	nm1479268	J. Rick Castaneda
207814	7936237	tt9865786	tvSeries	Tube Tube	2012	\N	nm3605431	Ben A. Williams
207815	7936509	tt9866338	tvSeries	El baile del viento y la lluvia, Viko Lavi	2009	Documentary	nm1318516	Emilio G. Canton
207817	7936635	tt9866602	tvSeries	Red Light	2019	Drama	nm4116465	André Santos
207818	7936636	tt9866604	tvSeries	The Pembrook Brothers	2019	Comedy	nm7084513	Gabrielle DeCaro
207821	7936767	tt9866874	tvSeries	Roadside	2016	Reality-TV	nm10516864	Jason Mulligan
207822	7936774	tt9866890	tvSeries	Et lille land i den store verden - Andelsbevægelsens historie (3:3)	2018	Documentary	nm10420555	Anna Elisabeth Jessen
207824	7936841	tt9867036	tvSeries	Roep van die Visarend	1982	Adventure	nm1035343	Jan Engelen
207825	7936846	tt9867046	tvSeries	Nassibi We Quesmeta (Ehdi Ya Madam)	2018	Comedy	nm4678834	Ramy Rizkallah
207826	7936858	tt9867072	tvSeries	Pirate Riot	2019	Reality-TV	nm9355747	S. Rob
207827	7936868	tt9867094	tvSeries	Slampampersirkus	1982	Drama	nm1272625	Fred Nel
207828	7936891	tt9867146	tvSeries	The Victor English Method	1987	Documentary	nm10517017	N. Weyer
207829	7936906	tt9867188	tvSeries	Deutsch mit Victor	1986	Documentary	nm10517018	Jacques Bonnet-Dupeyron
207831	7937039	tt9867464	tvSeries	My Baby Daddy is a Psycho	2019	Drama,Romance,Thriller	nm0698489	Jeff Profitt
207833	7937113	tt9867622	tvSeries	Mezhdu nami, devochkami. Prodolzheniye	2019	Comedy	nm1823244	Aleksey Kiryushchenko
207834	7937115	tt9867626	tvSeries	JuntSNES	2019	\N	nm2163736	Frankie Frain
207836	7937527	tt9868466	tvSeries	Amazing Space Adventures (TV - Tengu universe)	2019	Sci-Fi	nm9623156	Vladimir Chopine
207838	7937762	tt9868952	tvSeries	Sharate Aaj	2019	Drama	nm9263470	Aritra Sen
207839	7937804	tt9869042	tvSeries	Dialogue pour un portrait	1977	Documentary	nm1281563	Dominique Varenne
207842	7937947	tt9869336	tvSeries	Krishnaben Khakhrawala	2010	Drama	nm10631312	Harshad Joshi
207843	7937959	tt9869362	tvSeries	Rat Queens	2019	Fantasy	nm5637497	Emily Rose Jacobson
207844	7937969	tt9869386	tvSeries	Geocacher	2019	Reality-TV	nm10517887	Andrew Horner
207845	7937992	tt9869436	tvSeries	Chez Moix	2018	\N	nm1452641	Nicolas Druet
207847	7938086	tt9869642	tvSeries	Inside Ireland's Biggest Prison	2019	Documentary	nm2032969	Aoife Kelleher
207848	7938148	tt9869766	tvSeries	Dinner Conversations with Mark Lowry and Andrew Greer	2017	Talk-Show	nm10518171	Andrew Greer
207849	7938189	tt9869854	tvSeries	Città Segrete	2018	History	nm10518284	Luca Romani
207850	7938220	tt9869922	tvSeries	Tetsujin 28-gou FX	1992	Action,Animation,Sci-Fi	nm0408098	Tetsuo Imazawa
207852	7938388	tt9870296	tvSeries	Bir Sorun mu Var?	2017	Game-Show	nm1111351	Ebru Yalçin
207853	7938527	tt9870602	tvSeries	Rambam	2011	Comedy,News	nm0776888	Mattias Schut
207854	7938593	tt9870750	tvSeries	Salmeboka minutt for minutt	2014	Music,Musical,Reality-TV	nm10522952	Frank Almås
207855	7938663	tt9870894	tvSeries	Booked It.	2018	Comedy	nm7533718	Jason Diaz
207856	7938782	tt9871140	tvSeries	Dragon Lady	2019	Action,Crime,Drama	nm3040029	Paul Sta. Ana
207859	7938861	tt9871298	tvSeries	Modeling Life in Cars	2019	Biography	nm5005300	Gustavo Sainz de la Peña
207860	7938982	tt9871564	tvSeries	L'école du chat noir	2018	Animation	nm7897665	Lorenzo Papace
207861	7939012	tt9871626	tvSeries	Easton Meets West (pilot)	2009	Drama	nm0400486	Bronwen Hughes
207862	7939015	tt9871632	tvSeries	My Dog Saved my Life	2019	Adventure	nm0698489	Jeff Profitt
207863	7939049	tt9871704	tvSeries	The Hamptons Summertime Secrets	2019	Adventure,Drama	nm0698489	Jeff Profitt
207864	7939057	tt9871722	tvSeries	Bhramanam	2018	Drama	nm10519047	Binu Vellathooval
207866	7939073	tt9871754	tvSeries	Santaan	\N	Drama	nm10025830	Ismail Umarr Khan
207867	7939079	tt9871766	tvSeries	Bhagyajathakam	2018	Drama	nm6651426	Sreejith Paleri
207868	7939096	tt9871804	tvSeries	Ilayaval Gayathri	2018	Drama	nm10519111	Antony Antony
207869	7939184	tt9871992	tvSeries	Mat for små kokker	1979	Documentary,Family	nm10519142	Grete Haug
207871	7939464	tt9872610	tvSeries	Confinement	2017	Animation,Comedy,Fantasy	nm9548964	Lord Bung
207872	7939465	tt9872612	tvSeries	Wagner	2018	Talk-Show	nm3341382	Guillaume Wagner
207873	7939510	tt9872708	tvSeries	Les Loges	2018	Talk-Show	nm4722104	Marc Desaulniers
207874	7940247	tt9874220	tvSeries	Candid Camera Show	1988	Comedy,Reality-TV	nm2442444	Tiziana Martinengo
207875	7940319	tt9874364	tvSeries	Best Lover	2016	Drama,Romance	nm1921480	Yoo Cheol-Yong
207877	7940551	tt9874876	tvSeries	Vice Squad: New Orleans	2021	Drama	nm6077040	K. Cornell Kellum
207878	7940563	tt9874902	tvSeries	Scam 419	2017	Crime	nm6920418	Charles A. Duncan
207879	7940625	tt9875046	tvSeries	21o Festival Dokimanter Thessalonikis	2019	Documentary	nm2915001	Sifis Nanakis
207880	7940639	tt9875078	tvSeries	Mad in Pakistan	2019	Comedy	nm3221978	Jawad Daud
207881	7940721	tt9875258	tvSeries	Vice Squad: Atlanta	2021	Drama	nm6077040	K. Cornell Kellum
207883	7940795	tt9875412	tvSeries	Aye Zindagi	2017	Drama	nm1276122	Mahim Joshi
207884	7940803	tt9875428	tvSeries	And Then This Happened	2017	Comedy	nm6860498	Diogo Hausen
207885	7940909	tt9875650	tvSeries	Parakamptirios	1991	Drama	nm1327609	Pavlos Michail
207886	7940920	tt9875672	tvSeries	Paramythia gia mikrous kai megalous	1982	Family	nm0341896	Grigoris Grigoriou
207887	7940929	tt9875692	tvSeries	Patera, katse fronima	1993	Comedy	nm1327609	Pavlos Michail
207888	7940940	tt9875714	tvSeries	Pateres tis lefterias	1973	History	nm0341896	Grigoris Grigoriou
207889	7940953	tt9875740	tvSeries	How to Identify a Serial Killer	2019	Crime	nm2721519	Kristine May
207890	7940979	tt9875798	tvSeries	Sex, Lattes & Hideous Dates	2019	Comedy	nm2059521	Kate Braithwaite
207891	7940998	tt9875840	tvSeries	Poios irthe sto spiti mas apopse	1989	Drama	nm0677941	Giorgos Petridis
207892	7941007	tt9875860	tvSeries	IP Pirogova	2019	Comedy	nm8680937	Anton Maslov
207893	7941018	tt9875882	tvSeries	Muitte mu - Husk meg	2017	Music	nm10520448	Tale Kristine Skeidsvoll
207894	7941174	tt9876212	tvSeries	Lilla Anna och Långa Farbrorn	1974	Animation	nm1622150	Lasse Sandberg
207899	7941558	tt9877028	tvSeries	Settai the Series	2016	Family	nm8164738	Vikneshwaran Subramaniam S.S.
207902	7941742	tt9877418	tvSeries	Sai Bhaktoon Ki Sachchi Kahaniyaan	2001	Family	nm10521380	Amol Surve
207905	7941946	tt9877848	tvSeries	Happu Ki Ultan Paltan	2019	Comedy	nm5460792	Shashank Bali
207907	7942029	tt9878038	tvSeries	Zoraki baskan	2009	Comedy	nm10521612	Oguz Çankaya
207909	7942333	tt9878684	tvSeries	Chéri Coco	2017	Comedy	nm2732258	Jules Pochy
207910	7942340	tt9878700	tvSeries	Toofan Aalaya	2017	Documentary,Talk-Show	nm10521848	Sidhguru Juvekar
207911	7942350	tt9878722	tvSeries	CSGO Fight Night	2019	Sport	nm9679627	Dan Trew
207912	7942354	tt9878732	tvSeries	The Leader: Karl Marx	2019	Animation	nm10521904	Zhong Jun
207913	7942361	tt9878746	tvSeries	Spider's Web	2018	Comedy	nm10521913	Joey Cortinas
207914	7942394	tt9878816	tvSeries	Police Files	2012	Crime	nm1276122	Mahim Joshi
207916	7942473	tt9878986	tvSeries	The Grunt Machine	1975	Music	nm1428937	Brian Lennane
207917	7942478	tt9878996	tvSeries	Super Mighty Makers	2018	Family	nm1483828	Steve Diguer
207919	7942516	tt9879074	tvSeries	The Disappearance of Madeleine McCann	2019	Crime,Documentary,Mystery	nm0807687	Chris Smith
207920	7942550	tt9879170	tvSeries	A Celtic Family Christmas	2018	Family	nm7646927	Shelagh O'Brien
207922	7942851	tt9879778	tvSeries	Roonpi Secret Love	2016	Romance	nm10522341	Weerachit Thongjila
207923	7943030	tt9880150	tvSeries	Africa: A Journey into Music	2018	Documentary	nm3654448	Clare Tavernor
207924	7943040	tt9880172	tvSeries	Poios einai o enohos	1973	Crime,Mystery	nm0197255	Ion Daifas
207925	7943056	tt9880204	tvSeries	Royal Rasoi	2012	Talk-Show	nm1276122	Mahim Joshi
207926	7943319	tt9880738	tvSeries	Night and Me	2012	Family	nm10367725	Dan Dorsey
207927	7943467	tt9881044	tvSeries	Aitai Toki ni Anata wa Inai	1991	Drama,Romance	nm1209971	Rieko Miyamoto
207928	7943470	tt9881050	tvSeries	Star Trek: Explorer	2013	Animation,Sci-Fi	nm10523319	Christoph Bujlo
207930	7943653	tt9881436	tvSeries	Who Is Mr. Alexiou?	1988	Comedy	nm0468089	Nikos Koutelidakis
207931	7943714	tt9881570	tvSeries	Star Trek: Eagle	2009	Sci-Fi	nm7583181	Michael Stütelberg
207932	7943759	tt9881664	tvSeries	Roadworthy: Heavy Hauls	2017	Reality-TV	nm1646438	Dennis Zerull
207933	7943803	tt9881760	tvSeries	The Baseball Network	1994	Sport	nm3077959	Andy Rosenberg
207934	7943807	tt9881768	tvSeries	Hollywood Candy	2016	News	nm6701283	Andrew Gatz
207935	7943885	tt9881928	tvSeries	Living Rooms	2019	Comedy	nm2132261	Kelly L. King
207937	7943927	tt9882024	tvSeries	What Darwin Didn't Know	2019	Documentary	nm0302787	Eric Galler
207938	7943931	tt9882034	tvSeries	Parole	2018	Comedy	nm2812855	Michael Valentino
207939	7944076	tt9882346	tvSeries	Your Mom's House	2010	Comedy,Talk-Show	nm1211851	Brian Redban
207940	7944081	tt9882356	tvSeries	UnBoxing Mac	2016	\N	nm2163736	Frankie Frain
207942	7944118	tt9882436	tvSeries	Digital Super Stars	2018	Family	nm5674756	Jon Barnett
207943	7944124	tt9882448	tvSeries	The Twist	2018	Animation	nm3026082	Brendan Doyle
207946	7944152	tt9882506	tvSeries	Nuclear City	\N	Drama	nm3287221	Colin Edward Lawrence
207948	7944179	tt9882564	tvSeries	The Poker Table	2017	Comedy,Sport	nm2120363	Andrew Williams
207950	7944196	tt9882602	tvSeries	Tube Tube: Back2Work	2012	\N	nm3605431	Ben A. Williams
207953	7944231	tt9882674	tvSeries	Kya kahein	2004	Horror	nm1276122	Mahim Joshi
207965	7944311	tt9882840	tvSeries	Lavender Menace	2019	Comedy	nm7015297	Theresa Jeebe
207966	7944316	tt9882850	tvSeries	What Darwin Didn't Know	2019	Documentary	nm0302787	Eric Galler
207967	7944324	tt9882870	tvSeries	The Perfect Match	2017	Romance	nm5525511	Ande Luo
207968	7944539	tt9883316	tvSeries	Mainland Tonight	2019	Comedy,Talk-Show	nm10051817	Ella Caulfield
207969	7944550	tt9883340	tvSeries	Sevgili düsmanim	2008	Comedy	nm1754495	Oguz Yalçin
207970	7944553	tt9883346	tvSeries	Sewayaki Kitsune no Senko-san	2019	Animation,Comedy,Fantasy	nm8358421	Tomoaki Koshida
207971	7944704	tt9883660	tvSeries	Namuamida Butsu! Rendai Utena	2019	Animation	nm8823746	Akira Oguro
207972	7944712	tt9883676	tvSeries	We Never Learn	2019	Animation,Comedy,Romance	nm2037340	Hideaki Uehara
207980	7944778	tt9883820	tvSeries	Two Minute Tales	2017	Animation,Family	nm1037455	Mole Hill
207986	7944790	tt9883844	tvSeries	Hisseli harikalar kumpanyasi	1989	Comedy,Drama,Musical	nm0233800	Haldun Dormen
207988	7944800	tt9883868	tvSeries	Bezsonov	\N	\N	nm0092514	Victor Bojinov
207989	7944809	tt9883888	tvSeries	Home	2019	Comedy,Drama	nm1635193	David Sant
207990	7945019	tt9884332	tvSeries	Being A Sikh	2019	Talk-Show	nm6802104	Neer Dhillon
207992	7945287	tt9884880	tvSeries	Los Vílchez	2019	Comedy	nm5646734	Luis Barrios
207993	7945357	tt9885022	tvSeries	Basique, l'essentiel de la musique	2018	Music	nm5807473	Julien Faustino
207994	7945563	tt9885436	tvSeries	Manjil Virinja Poovu	2019	Drama	nm10488688	Rajeev Nedumkandom
207996	7945783	tt9885888	tvSeries	Kabukichou Sherlock	2019	Animation,Comedy,Drama	nm3431281	Ai Yoshimura
207997	7945841	tt9886006	tvSeries	Kono Oto Tomare!	2019	Animation,Drama,Music	nm10525337	Mizuno Ryouma
207998	7945903	tt9886132	tvSeries	Hunting Fish	2016	Documentary	nm1385382	Dave Hatter
207999	7946044	tt9886426	tvSeries	Baker the Backpacker	\N	Documentary	nm9417037	Si Baker
208000	7946148	tt9886652	tvSeries	VICE specials - The Refugee Crisis as Captured By the Refugees' Mobile Phones	2017	Documentary	nm1666251	Daphne Toli
208001	7946169	tt9886694	tvSeries	Real Itty Bits	2019	Comedy	nm6041208	Jason Klingensmith
208002	7946216	tt9886814	tvSeries	Neel	2019	Drama	nm2342974	Samuel Dyches
208003	7946230	tt9886848	tvSeries	Going Green	2019	Documentary	nm8494317	Dylan Welch
208004	7946264	tt9886922	tvSeries	Kappen nou!	2018	Drama	nm4003980	Ivo van Aart
208005	7946278	tt9886950	tvSeries	Well-Intended Love	2019	Drama,Romance	nm8995629	Qiang Wu
208006	7946302	tt9886998	tvSeries	The Upgrade	2017	Reality-TV	nm10525699	Jennifer Scully
208007	7946356	tt9887108	tvSeries	Last Night Now	2017	News	nm1197104	George Back
208008	7946365	tt9887126	tvSeries	Last Call	2019	Sci-Fi	nm1905331	Kevin Haskin
208009	7946381	tt9887162	tvSeries	Star Trek: Euderion	2009	Sci-Fi	nm10526291	Mike Kühnel
208010	7946457	tt9887328	tvSeries	Guraland	2014	Reality-TV	nm10526033	Volodya Hura
208011	7946467	tt9887350	tvSeries	Theo Altgoldman	2019	Talk-Show	nm10526074	Theo Altgoldman
208012	7946478	tt9887374	tvSeries	Henrik Larsson	2016	Music,Talk-Show	nm10526133	Henrik Larsson
208013	7946484	tt9887386	tvSeries	Boris Alexander	2017	Talk-Show	nm10526152	Boris Alexander Nanni
208014	7946490	tt9887398	tvSeries	Alvin Sebetero	2019	Talk-Show	nm10526162	Alvin Sebetero
208016	7946497	tt9887412	tvSeries	Talkin' Success	2018	Documentary	nm4328247	Forrest Kiyoshi Hoffman
208017	7946503	tt9887424	tvSeries	#Euroroast	2018	Music,Talk-Show	nm10526192	Natalia Belardy
208020	7946524	tt9887466	tvSeries	Chev's Choice	2016	Talk-Show	nm10526216	Pascal Marchev
208021	7946543	tt9887504	tvSeries	BoxMac After Hours	2015	\N	nm2163736	Frankie Frain
208022	7946544	tt9887506	tvSeries	George Austin Tay	2016	Music,Talk-Show	nm10526242	George Austin Tay
208023	7946556	tt9887530	tvSeries	Austin's Improv Party	2018	Comedy	nm10526257	David Simon
208024	7946558	tt9887534	tvSeries	Luke White	2009	Music,Talk-Show	nm10526260	Luke White
208025	7946587	tt9887592	tvSeries	Silly Billy Toys	2017	Family,Short	nm1068841	Damian Cecere
208026	7947272	tt9889038	tvSeries	Space Age	\N	Action,Sci-Fi	nm8973536	Scott Dion Brown
208027	7947273	tt9889042	tvSeries	The Banker	2019	Drama	nm6116617	Jae Jin Lee
208030	7947374	tt9889270	tvSeries	Cold Readings with Chanel	2019	Reality-TV	nm4843979	Devon Armstrong
208032	7947411	tt9889352	tvSeries	Detective Opera Milky Holmes	2010	Adventure,Comedy,Mystery	nm1680288	Makoto Moriwaki
208035	7947522	tt9889592	tvSeries	Nick's Strooigoedparade	2014	Family	nm1043620	Petra Gaffke
208036	7947556	tt9889678	tvSeries	House of Dolla's	2019	Comedy	nm6674159	Roodmy Poulard
208037	7947563	tt9889692	tvSeries	Untitled Comedy Project	\N	Comedy	nm8758377	Ryan Ito
208039	7947694	tt9889960	tvSeries	The Trouble with Maggie Cole	2020	Comedy,Drama	nm1359664	Ben Gregor
208041	7947861	tt9890304	tvSeries	Wake Up America with Kristina Lynn	2019	Talk-Show	nm6791357	Kristina Lynn
208042	7947872	tt9890328	tvSeries	Nhiem	\N	War	nm0002044	Roger Donaldson
208043	7947873	tt9890330	tvSeries	Dones a prop	1982	Talk-Show	nm3238661	Gregorio Aragón
208044	7947882	tt9890350	tvSeries	Las que faltaban	2019	Comedy,Talk-Show	nm4497027	Cristina López
208045	7948032	tt9890660	tvSeries	Global Poker League: India	2019	Reality-TV,Sport	nm10471678	Sudhir Shetty
208049	7948112	tt9890826	tvSeries	Grenzeloze Rotterdammers	2016	Documentary	nm5038362	Tim Van den Hoff
208050	7948154	tt9890916	tvSeries	Beat the Internet	2018	Comedy,Game-Show	nm2337207	Ben Hardy
208052	7948464	tt9891556	tvSeries	Project Z	2019	Adventure,Game-Show,Horror	nm7729929	Mei Williams
208054	7948733	tt9892128	tvSeries	The Insomnia Hour	2018	Comedy	nm10246642	Kyle Bagdonas
208055	7948783	tt9892232	tvSeries	Moaner Lisa	2017	Comedy	nm9071874	Stevie Cooke
208056	7948788	tt9892242	tvSeries	A la roots	2016	Adventure,Music	nm1317297	Stephane Basset
208057	7948907	tt9892494	tvSeries	Blacklist	2019	Action,Drama,Romance	nm1393412	Dan Worrawech Danuwong
208058	7948948	tt9892608	tvSeries	Cocomong	2008	Animation	nm10527934	Min Byungchun
208059	7948957	tt9892626	tvSeries	Dum poslední radosti	1996	Comedy	nm0688697	Ivan Pokorný
208060	7948964	tt9892642	tvSeries	Life before Me	\N	History,Mystery,Reality-TV	nm6834275	Lisanne Nathalia Moline
208062	7948998	tt9892714	tvSeries	Shaking Through	2009	Documentary	nm10544615	Peter English
208063	7949049	tt9892824	tvSeries	Et puis, Amélie est partie	2019	Comedy	nm2353217	Kevin T. Landry
208066	7949157	tt9893062	tvSeries	Preso No. 1	2019	Action,Crime,Drama	nm0666021	Javier 'Fox' Patrón
208067	7949201	tt9893156	tvSeries	Fourchette	2019	Drama	nm3612206	Catherine Therrien
208068	7949210	tt9893174	tvSeries	Secret Bridesmaids' Business	2019	Drama,Romance,Thriller	nm2537391	Tori Garrett
208069	7949225	tt9893210	tvSeries	Tragicomic	2018	Mystery	nm6452762	Sally Bollinger
208070	7949258	tt9893278	tvSeries	Strange Therapy	2019	Comedy,Romance	nm0121464	Robert Burgos
208073	7949301	tt9893370	tvSeries	WTF, Baron Davis: Ball Out	2019	Comedy	nm9921365	Carl Reid
208074	7949339	tt9893450	tvSeries	Caillou Gets Grounded	2016	Comedy	nm10734382	Rebecca Spark
208075	7949376	tt9893528	tvSeries	Citoyen 2.0	2021	Documentary	nm5602553	Francois-Xavier De Ruydts
208076	7949397	tt9893572	tvSeries	Necrópolis	2019	Comedy	nm7705496	Gabriel Faccini
208077	7949477	tt9893740	tvSeries	Lizard Cops	2012	Animation	nm10528698	Rachel Normand
208078	7949485	tt9893758	tvSeries	Provo's Most Eligible	2019	Romance	nm10528733	Remington Butler
208079	7949520	tt9893838	tvSeries	Check Your Luggage	\N	Documentary	nm3172726	Catalin Stelian
208080	7949529	tt9893856	tvSeries	Griff Off the Rails: Down Under	2019	Documentary	nm0676530	Julia Peters
208081	7949541	tt9893882	tvSeries	Juntin' Around Outdoors	2016	\N	nm2163736	Frankie Frain
208083	7949587	tt9893984	tvSeries	American Badge	\N	\N	nm2958943	Anthony Bradford
208085	7949605	tt9894026	tvSeries	The B-29 Dream Girl: The Story of Gerard Muller	\N	War	nm9643407	Joseph McGee
208087	7949653	tt9894134	tvSeries	Mother of Mine	2019	Drama	nm3151685	Jong-Chang Kim
208089	7949663	tt9894162	tvSeries	Special Labor Inspector Jo	2019	Comedy,Drama	nm8548068	Won-Kook Park
208090	7949667	tt9894170	tvSeries	Millennial Jenny	2019	Comedy	nm2595237	Emmett Skilton
208091	7949678	tt9894194	tvSeries	Untitled Workybee Sai's Story 5	\N	Drama,Mystery,Romance	nm9257787	Workybee Sai
208093	7949732	tt9894306	tvSeries	Eduskuntavaalit 2019	2019	News	nm3364290	Riikka Lehtinen
208094	7949737	tt9894318	tvSeries	The Hunt for Jihadi John	\N	\N	nm1637865	Anthony Wonke
208097	7949794	tt9894434	tvSeries	Don't Worry About the Kids	2019	Comedy,Drama	nm1162222	Philippe Lefebvre
208098	7949819	tt9894484	tvSeries	Test Drive	2019	Comedy	nm1627405	Rod Tamime
208099	7949821	tt9894488	tvSeries	Foodie Love	2019	Drama	nm0170043	Isabel Coixet
208100	7949835	tt9894516	tvSeries	Oni	\N	Action,Adventure,Animation	nm1156606	Daisuke 'Dice' Tsutsumi
208102	7949856	tt9894560	tvSeries	Piknik na obochine	2017	Animation,Sci-Fi	nm10529404	Aleksey Evdokimov
208103	7949866	tt9894580	tvSeries	Lazos de sangre	2018	Biography	nm5749435	Carmen Delgado
208108	7950126	tt9895116	tvSeries	Gggmanlives	2009	Talk-Show	nm10529768	Gggmanlives
208109	7950156	tt9895180	tvSeries	Broken Mirror	2019	Crime	nm8948319	M.J. Harrell
208110	7950300	tt9895470	tvSeries	Captain Seasalt and the ABC Pirates	2019	Family	nm2770404	Brett Jubinville
208112	7950875	tt9896630	tvSeries	Supernatural Sea Stories	2021	Thriller	nm4169380	Thomas Kerr
208115	7950969	tt9896824	tvSeries	My Greece	2019	Documentary	nm3833538	Kostas Kapetanidis
208116	7951011	tt9896912	tvSeries	Tobula Kopija	2015	Crime,Drama,Romance	nm0049434	Saulius Balandis
208118	7951027	tt9896944	tvSeries	It's Show Time	2019	Comedy,Game-Show,Music	nm2892816	Panos Georgiou
208119	7951036	tt9896964	tvSeries	Das Wichtigste im Leben	2019	Comedy	nm1769528	Laura Lackmann
208120	7951072	tt9897038	tvSeries	Chip and Potato	2018	Animation	nm2625612	Joel Dickie
208122	7951155	tt9897212	tvSeries	Departure	\N	Thriller	nm3924483	Sophia Pino
208123	7951225	tt9897364	tvSeries	Anansi Storytime	2016	Fantasy	nm10530178	Scooter Mann
208124	7951353	tt9897650	tvSeries	Super Genios	2017	Family	nm10530222	Hector Marquez
208125	7951409	tt9897770	tvSeries	Barbara's Sins	2019	Comedy	nm0537595	Emilio Maillé
208128	7951601	tt9898192	tvSeries	I zoi mou, i ygeia mou	2016	Documentary	nm2638182	Dimos Pavlopoulos
208129	7951669	tt9898334	tvSeries	Politis Klynn	1995	Comedy,Game-Show,Music	nm0660147	Dimitris Papakonstadis
208130	7951673	tt9898342	tvSeries	Whizz Whizz Bang Bang	2007	Reality-TV	nm2617340	Paul Hineman
208131	7951745	tt9898496	tvSeries	Polemikes istories	1974	War	nm0299492	Filippos Fylaktos
208132	7951922	tt9898886	tvSeries	The Final Whistle with Jude & Aria	2019	Sport	nm10200855	Ricky Lee
208134	7951937	tt9898916	tvSeries	Castle & Castle	2018	Drama	nm5763427	Kenneth Gyang
208135	7951976	tt9898998	tvSeries	The Lives of Men	\N	Drama	nm2422596	Lamont Pierre
208138	7952003	tt9899062	tvSeries	Bad Cop Bad Cop	2018	Comedy	nm1327948	Lala Costa
208139	7952137	tt9899340	tvSeries	Geunyeoui Sasaenghwal	2019	Comedy,Romance	nm3553422	Jong-Chan Hong
208140	7952138	tt9899342	tvSeries	Flowering Heart	2016	Animation,Horror	nm5338878	Chan-Young Park
208144	7952478	tt9900074	tvSeries	David Atkins	2018	Music,Talk-Show	nm10531523	David Atkins
208145	7952487	tt9900092	tvSeries	Motherland: Fort Salem	2020	Drama,Fantasy,Sci-Fi	nm0011876	Steven A. Adelson
208146	7952522	tt9900166	tvSeries	Church with Jesse Lee Peterson	2008	\N	nm2047285	Jesse Lee Peterson
208150	7952701	tt9900542	tvSeries	Classic Aircraft	1998	Documentary	nm2784483	James Castle
208152	7952800	tt9900744	tvSeries	The Malê Revolt	2020	Drama	nm1135838	Jeferson De
208153	7952832	tt9900812	tvSeries	Saudi Arabia: The War on Drugs	2013	Documentary	nm1564779	Jonathan Hacker
208158	7953537	tt9902296	tvSeries	Mona Mittendrin	2019	Documentary	nm10095696	Samuel Bürgler
208159	7953836	tt9902904	tvSeries	Poreia 090	1980	Drama	nm0699621	Tasos Psarras
208160	7953877	tt9902992	tvSeries	Bravisimo	1984	Music	nm0671584	Samm Pena
208162	7953922	tt9903090	tvSeries	OCPS Virtual Parent Academy	2019	News	nm10248423	Victor West
208163	7953935	tt9903118	tvSeries	Queimamufa!	2019	Adventure,Family	nm1257391	Rodrigo Hinrichsen
208164	7953991	tt9903240	tvSeries	The Leon Show	2010	Talk-Show	nm0724329	Shawn Richards
208165	7954035	tt9903334	tvSeries	Reel Wahine of Hawai'i	2018	Documentary	nm9187954	Vera Zambonelli
208166	7954064	tt9903398	tvSeries	Porfyra kai aima	1977	Drama,History,Romance	nm0287566	Nikos Foskolos
208167	7954089	tt9903452	tvSeries	The Brotherhood: Real Fathers, Real Talk	2019	Talk-Show	nm3634316	Wayne Johnson
208170	7954136	tt9903558	tvSeries	Movie Mash	2019	Talk-Show	nm6569371	Caillou Pettis
208171	7954161	tt9903612	tvSeries	Writer Unknown with Servet Dean Sari	2019	Talk-Show	nm4478990	Servet Dean Sari
208172	7954167	tt9903624	tvSeries	Turminha Diário	2019	Animation	nm3638752	Adriano Gurgel Arruda
208173	7954258	tt9903810	tvSeries	Loving Lyfe	2019	Comedy	nm1299900	Neil Hiatt
208174	7954280	tt9903854	tvSeries	Roadworthy: What Matters is Inside	2018	Reality-TV	nm1646438	Dennis Zerull
208175	7954363	tt9904032	tvSeries	Comedians Watching Football with Friends	2019	Comedy	nm0651369	Peter Orton
208177	7954408	tt9904128	tvSeries	Patrik	2019	Comedy	nm4072308	Marius Patrik Pinnås
208178	7954488	tt9904298	tvSeries	Star Trek: Enterprise E	2011	Sci-Fi	nm10533470	Alex Olson
208179	7954508	tt9904342	tvSeries	Tales of the Seventh Fleet	2004	Sci-Fi	nm10534270	Thomas Hendricks
208180	7954612	tt9904576	tvSeries	Intermission	2019	Sci-Fi	nm4183455	Michael Racanelli
208182	7954688	tt9904738	tvSeries	KRFT PUNK'S Political Party!	2019	Comedy	nm3774181	Eric Notarnicola
208183	7954723	tt9904814	tvSeries	Funny Money	2019	Comedy	nm9720170	Jake May
208184	7954770	tt9904910	tvSeries	The Sauce	2019	Talk-Show	nm7915540	Mackleen Desravines
208185	7954827	tt9905026	tvSeries	Aunty Donna's Ripper Aussie Summer	2017	Comedy	nm4266805	Max Miller
208186	7954857	tt9905090	tvSeries	Española	\N	Crime	nm0655683	José Padilha
208188	7955084	tt9905568	tvSeries	Valhalla Club	\N	Reality-TV	nm8766363	R. Bradley Morris
208189	7955089	tt9905578	tvSeries	Home Sweet Office	2019	Comedy,Drama,Family	nm10534153	Sonal Batra
208190	7955095	tt9905590	tvSeries	Gio Sin Polillas	2019	Music,Talk-Show	nm10533993	Gio Sin Polillas
208191	7955110	tt9905626	tvSeries	Copa Para Quem?	2014	Documentary	nm10534026	Maryse Williquet
208199	7955414	tt9906284	tvSeries	Patrulha da Noite	2019	Comedy	nm1991549	Miguel Cadilhe
208200	7955486	tt9906432	tvSeries	Pizza Party Podcast	2014	Comedy,Talk-Show	nm10826703	Dale Basten
208201	7955505	tt9906472	tvSeries	Music Video Sins	2015	Comedy	nm6168642	Chris Atkinson
208203	7955716	tt9906902	tvSeries	History Erased	2019	Documentary	nm1638278	Stephen Scott
208205	7955894	tt9907270	tvSeries	Petra	\N	\N	nm0865572	Maria Sole Tognazzi
208207	7956452	tt9908414	tvSeries	Block 13	2000	Animation	nm10534727	Nawaf Salem Al-Shammari
208208	7956491	tt9908496	tvSeries	Biblická pátrání	2009	\N	nm0070325	Martin Benc
208209	7956528	tt9908574	tvSeries	Maika Barbero	2013	Music,Talk-Show	nm5280098	Maika Barbero
208210	7956530	tt9908578	tvSeries	Detektív Karol	1981	Family	nm1644433	Jozef Bednárik
208211	7956539	tt9908596	tvSeries	Scavenger Junt	2016	Game-Show	nm2163736	Frankie Frain
208212	7956543	tt9908604	tvSeries	The Montes Method	2019	Documentary	nm0941601	Blake Worrell
208213	7956647	tt9908812	tvSeries	Girls on Food	2016	Reality-TV	nm2023647	Julianne Gabert
208214	7956657	tt9908832	tvSeries	Pirate Pizza Review	2016	Comedy	nm2163736	Frankie Frain
208215	7956667	tt9908852	tvSeries	The Daddy's Girl Club	2019	Drama	nm6340630	Phil Davis Sr.
208216	7956670	tt9908860	tvSeries	Blown Away	2019	Reality-TV	nm2039645	Mike Bickerton
208217	7956826	tt9909190	tvSeries	The Stars Experience Podcast	2019	Sport,Talk-Show	nm9772885	Jonathan A Rizk
208218	7956854	tt9909248	tvSeries	Race Across the World	2019	Documentary,Game-Show	nm3359106	Rob Fisher
208219	7957005	tt9909556	tvSeries	Quasi Maestri	2017	Documentary	nm7639461	Martin Alan Tranquillini
208221	7957113	tt9909786	tvSeries	Caillou Gets Grounded: The Show	2019	Animation	nm10530259	Tom Plotagon
208223	7957130	tt9909824	tvSeries	Aunty Donna: Fapé in the Café	2013	Comedy	nm4266805	Max Miller
208224	7957147	tt9909858	tvSeries	Building Brady	2018	Reality-TV	nm3369621	Kailee McGee
208225	7957157	tt9909880	tvSeries	The Shea Show	2019	\N	nm6460090	Shea Weldon Ronsonette
208226	7957211	tt9910006	tvSeries	Wombat Man	2019	Action,Comedy	nm9100954	Ewout Rohling
208227	7957221	tt9910028	tvSeries	Sacch Ka Saamna	2009	Reality-TV	nm2193141	Manpreet Singh Arshi
208228	7957237	tt9910062	tvSeries	Mama	2013	Drama	nm8816544	Grig Vahramyan
208229	7957247	tt9910084	tvSeries	Terrible Writing Advice	2016	Animation	nm10535756	J.P. Beaubien
208230	7957288	tt9910170	tvSeries	Aunty Donna's Fortnightly Fap Off	2013	Comedy	nm4266805	Max Miller
208231	7957295	tt9910184	tvSeries	El Mundo de Mateo	2019	Drama	nm4197785	Mariano Hueter
208232	7957324	tt9910242	tvSeries	Shaadi Ke Siyape	2019	Comedy	nm4345177	Saurabh Arora
208234	7957359	tt9910312	tvSeries	Julie Kushnir	2017	Reality-TV	nm10535901	Julie Kushnir
208235	7957361	tt9910316	tvSeries	Otac i sin	2018	Comedy	nm7527835	Vedran Bilic
208236	7957372	tt9910342	tvSeries	Janni & Karsten	2014	Reality-TV	nm1392152	Jens Villebro
208237	7957460	tt9910522	tvSeries	Tricky Spa	2014	Adult	nm1298267	Barrett Blade
208238	7957532	tt9910672	tvSeries	Aunty Donna: Trendy	2016	Comedy	nm4266805	Max Miller
208240	7957557	tt9910722	tvSeries	Starstruck GC: Back to Basics	2019	Comedy	nm4434446	Yarnel Nicolas
208241	7957560	tt9910728	tvSeries	Zalim Istanbul	2019	Drama	nm1760819	Cevdet Mercan
208243	7958307	tt9912264	tvSeries	Marc&Max: Time of Terror	2019	Action,Adventure,Comedy	nm10289908	Vinson Russell Jr.
208245	7958834	tt9913372	tvSeries	Red Cow Review Lounge	2015	Talk-Show	nm5241339	E.J. Massa
208247	7958901	tt9913508	tvSeries	Drømmeturen	2013	Documentary	nm10282565	Odd Arne Olderbakk
208248	7958907	tt9913520	tvSeries	No Views	2018	\N	nm2163736	Frankie Frain
208249	7958935	tt9913576	tvSeries	Glitter Bitches	2017	\N	nm2163736	Frankie Frain
208250	7958989	tt9913686	tvSeries	Kidou Senshi Gundam AGE: Memory of Eden	2013	Action,Animation,Drama	nm6099950	Shinya Watada
208251	7959050	tt9913812	tvSeries	Crossroads Boston	2018	Drama	nm4466270	Opal Thompson
208253	7959073	tt9913858	tvSeries	EJ Comic	2013	Animation	nm5241339	E.J. Massa
208254	7959075	tt9913862	tvSeries	El diario de Mariana	2013	Talk-Show	nm0738557	Fernando Rolón
208255	7959106	tt9913924	tvSeries	Their Voice	\N	Drama	nm1944626	Melanie Tolbert
208256	7959207	tt9914128	tvSeries	Party Animals	2003	Family	nm1975005	Luke Nola
208257	7959222	tt9914162	tvSeries	Staged Dad	2020	Comedy	nm2027239	Brad Roller
208258	7959362	tt9914462	tvSeries	Leggermente frizzante	2014	Talk-Show	nm10537276	Massimo Gandossi
208259	7959404	tt9914546	tvSeries	Moja Generacija Z	2019	Comedy,Drama,Family	nm2238286	Milan Konjevic
208260	7959479	tt9914698	tvSeries	Affaire vous concernant	1981	Documentary,News,Talk-Show	nm0188155	Jacques Cristobal
208261	7959480	tt9914700	tvSeries	Aunty Donna: Best Content Ever!!1!	2017	Comedy	nm4266805	Max Miller
208262	7959633	tt9915022	tvSeries	Yarali Kuslar	2019	Drama	nm10978744	Yasemin Erkul
208263	7959677	tt9915114	tvSeries	Touche pas à mon sport	2015	Sport,Talk-Show	nm1366551	Franck Broqua
208264	7959687	tt9915138	tvSeries	Scandalous	2018	Crime,Documentary	nm7710846	Alexa Zinz Ginsburg
208265	7959690	tt9915144	tvSeries	Never Ever	2018	Biography,Documentary,History	nm9939361	Aaron Lemos
208266	7959696	tt9915156	tvSeries	Tree in the River	2018	Drama	nm7464637	Wei Hsu
208268	7959783	tt9915338	tvSeries	Aunty Donna: Camp Bush Camp!	2018	Comedy	nm4266805	Max Miller
208269	7959876	tt9915530	tvSeries	The Land F.A.U.	2019	Crime	nm4923749	Dominique Paramore
208272	7960005	tt9915822	tvSeries	Ichhapyaari Naagin	2016	Fantasy	nm1516991	Rajan Waghdhare
208273	7960016	tt9915854	tvSeries	Amelia	\N	Fantasy,Mystery,Sci-Fi	nm4346805	Ryan Neil Butler
208274	7960144	tt9916128	tvSeries	Salt City (India)	\N	Drama	nm10254898	Rishabh Anupam Sahay
208277	7960164	tt9916168	tvSeries	H.A.N (Hommes Animaux Nature)	2018	Documentary	nm1601625	Sébastien Derave
208278	7960181	tt9916206	tvSeries	Nojor	2019	Fantasy	nm8522023	Rajiv Kumar
208280	7960186	tt9916216	tvSeries	Kalyanam Mudhal Kadhal Varai	2014	Romance	nm11202129	Thai Selvam
208282	7960267	tt9916380	tvSeries	Meie aasta Aafrikas	2019	Adventure,Comedy,Family	nm1857733	Asko Kase
208283	7960410	tt9916678	tvSeries	Acelerados	2019	Comedy	nm3855412	Armé Mamente
